source_excel_row,covid_period,intersection,road,report_year,report_month,report_day,survey_date_parsed,time_key,has_assumed_zero
215,ก่อนโควิด,พัฒนาการ,ศรีนครินทร์,2017,4,20,2017-04-20,07:00-09:00,False
218,ก่อนโควิด,พัฒนาการ,พัฒนาการ,2017,4,20,2017-04-20,07:00-09:00,False
1985,ก่อนโควิด,อุรุพงษ์,พระรามที่6,2018,5,8,2018-05-08,07:00-09:00,False
1988,ก่อนโควิด,อุรุพงษ์,เพชรบุรี,2018,5,8,2018-05-08,07:00-09:00,False
2102,ก่อนโควิด,ราชเทวี,เพชรบุรี,2018,6,1,2018-06-01,07:00-09:00,False
2225,ก่อนโควิด,บางรัก,เจริญกรุง,2018,6,29,2018-06-29,07:00-09:00,False
2228,ก่อนโควิด,บางรัก,สีลม,2018,6,29,2018-06-29,07:00-09:00,False
2255,ก่อนโควิด,รามคำแหง,รามคำแหง,2018,7,6,2018-07-06,07:00-09:00,False
2256,ก่อนโควิด,รามคำแหง,รามคำแหง,2018,7,6,2018-07-06,09:00-16:00,False
2257,ก่อนโควิด,รามคำแหง,รามคำแหง,2018,7,6,2018-07-06,16:00-19:00,False
2258,ก่อนโควิด,รามคำแหง,พระราม9,2018,7,6,2018-07-06,07:00-09:00,False
2259,ก่อนโควิด,รามคำแหง,พระราม9,2018,7,6,2018-07-06,09:00-16:00,False
2260,ก่อนโควิด,รามคำแหง,พระราม9,2018,7,6,2018-07-06,16:00-19:00,False
3080,ก่อนโควิด,ศรีอยุธยา,พระรามที่6,2018,12,21,2018-12-21,07:00-09:00,False
3083,ก่อนโควิด,ศรีอยุธยา,ศรีอยุธยา,2018,12,21,2018-12-21,07:00-09:00,False
3650,ก่อนโควิด,พัฒนาการ,ศรีนครินทร์,2019,4,4,2019-04-04,07:00-09:00,False
3653,ก่อนโควิด,พัฒนาการ,พัฒนาการ,2019,4,4,2019-04-04,07:00-09:00,False
4361,ก่อนโควิด,คอกวัว,ตะนาว,2019,9,11,2019-09-11,07:00-09:00,False
4364,ก่อนโควิด,คอกวัว,ราชดำเนินกลาง,2019,9,11,2019-09-11,07:00-09:00,False
4901,ก่อนโควิด,ห้วยขวาง,รัชดาภิเษก,2019,12,24,2019-12-24,07:00-09:00,False
5436,โควิด,รามคำแหง,รามคำแหง,2020,7,1,2020-07-01,07:00-09:00,False
5437,โควิด,รามคำแหง,พระราม9,2020,7,1,2020-07-01,07:00-09:00,False
5438,โควิด,รามคำแหง,รามคำแหง,2020,7,1,2020-07-01,16:00-19:00,False
5439,โควิด,รามคำแหง,พระราม9,2020,7,1,2020-07-01,16:00-19:00,False
5440,โควิด,รามคำแหง,รามคำแหง,2020,7,1,2020-07-01,09:00-16:00,False
5441,โควิด,รามคำแหง,พระราม9,2020,7,1,2020-07-01,09:00-16:00,False
6747,โควิด,พัฒนาการ,ศรีนครินทร์,2021,4,9,2021-04-09,07:00-09:00,False
6748,โควิด,พัฒนาการ,พัฒนาการ,2021,4,9,2021-04-09,07:00-09:00,False
6843,โควิด,อุรุพงษ์,พระรามที่6,2021,5,3,2021-05-03,07:00-09:00,False
6844,โควิด,อุรุพงษ์,เพชรบุรี,2021,5,3,2021-05-03,07:00-09:00,False
7038,โควิด,บางรัก,เจริญกรุง,2021,6,11,2021-06-11,07:00-09:00,False
7039,โควิด,บางรัก,สีลม,2021,6,11,2021-06-11,07:00-09:00,False
8349,โควิด,ห้วยขวาง,รัชดาภิเษก,2021,12,22,2021-12-22,07:00-09:00,False
8382,โควิด,ศรีอยุธยา,พระรามที่6,2021,12,30,2021-12-30,07:00-09:00,False
8383,โควิด,ศรีอยุธยา,ศรีอยุธยา,2021,12,30,2021-12-30,07:00-09:00,False
9435,หลังโควิด,รามคำแหง,รามคำแหง,2022,7,6,2022-07-06,07:00-09:00,False
9436,หลังโควิด,รามคำแหง,รามคำแหง,2022,7,6,2022-07-06,09:00-16:00,False
9437,หลังโควิด,รามคำแหง,รามคำแหง,2022,7,6,2022-07-06,16:00-19:00,False
9438,หลังโควิด,รามคำแหง,พระราม9,2022,7,6,2022-07-06,07:00-09:00,False
9439,หลังโควิด,รามคำแหง,พระราม9,2022,7,6,2022-07-06,09:00-16:00,False
9440,หลังโควิด,รามคำแหง,พระราม9,2022,7,6,2022-07-06,16:00-19:00,False
11031,หลังโควิด,พัฒนาการ,ศรีนครินทร์,2023,4,18,2023-04-18,07:00-09:00,False
11034,หลังโควิด,พัฒนาการ,พัฒนาการ,2023,4,18,2023-04-18,07:00-09:00,False
12432,หลังโควิด,ห้วยขวาง,รัชดาภิเษก,2024,12,26,2024-12-26,07:00-09:00,False
13437,หลังโควิด,ราชเทวี,เพชรบุรี,2024,6,24,2024-06-24,07:00-09:00,False
13929,หลังโควิด,คอกวัว,ตะนาว,2024,9,24,2024-09-24,07:00-09:00,False
13932,หลังโควิด,คอกวัว,ราชดำเนินกลาง,2024,9,24,2024-09-24,07:00-09:00,False
15327,หลังโควิด,บางรัก,เจริญกรุง,2025,6,5,2025-06-05,07:00-09:00,False
15333,หลังโควิด,บางรัก,สีลม,2025,6,5,2025-06-05,07:00-09:00,False
16236,หลังโควิด,ศรีอยุธยา,พระรามที่6,2025,12,19,2025-12-19,07:00-09:00,False
16239,หลังโควิด,ศรีอยุธยา,ศรีอยุธยา,2025,12,19,2025-12-19,07:00-09:00,False
16872,หลังโควิด,อุรุพงษ์,พระรามที่6,2026,5,6,2026-05-06,07:00-09:00,False
16875,หลังโควิด,อุรุพงษ์,เพชรบุรี,2026,5,6,2026-05-06,07:00-09:00,False
17067,โควิด,ราชเทวี,เพชรบุรี,2020,6,12,2020-06-12,07:00-09:00,False
17262,โควิด,คอกวัว,ตะนาว,2020,9,24,2020-09-24,07:00-09:00,False
17265,โควิด,คอกวัว,ราชดำเนินกลาง,2020,9,24,2020-09-24,07:00-09:00,False
