intersection_key,road_key,During,After
การเรือน,ราชวิถี,3.7750995509616203,0.40646445818859434
การเรือน,ราชสีมา,-71.61765038951654,-15.30960376491035
กำแพงเพชร,กำแพงเพชร,-7.292146703867743,-37.77515973388505
กำแพงเพชร,พหลโยธิน,-11.612876763436063,-0.8973873939341388
ขัตติยานี,พิชัย,29.767818541385893,11.350775403858307
ขัตติยานี,สุโขทัย,-19.434429763998494,28.60152037093563
คลองตัน,พัฒนาการ,-79.73588120028111,-369.15855131643724
คลองสาน,ลาดหญ้า,35.064630568821585,5.319984815793802
คลองสาน,สมเด็จเจ้าพระยา,21.400197372833446,-33.82055360205422
คลองสาน,เจริญนคร,-10.550313537889068,-42.07681280331994
คอกวัว,ตะนาว,18.526772655045974,-9.903231394757782
คอกวัว,ราชดำเนินกลาง,18.956116598515067,38.477242662235014
จอมทอง,จอมทอง,4.109092623490525,7.204027066592516
จอมทอง,วุฒากาศ,-1.8159816364210997,44.923263305555096
จักรพรรดิพงษ์,จักรพรรดิพงษ์,52.294355464259326,-210.19989480455573
จักรพรรดิพงษ์,นครสวรรค์,32.37965478017799,-283.1261869888225
จันทน์ - นราธิวาส,จันทน์,-11.078649880318721,3.271483852728167
ดาวคะนอง,จอมทอง,-10.33144451832004,17.667867103023
ดาวคะนอง,สมเด็จพระเจ้าตากสิน,13.988834489975119,1.6274174257988676
ทองหล่อ,สุขุมวิท,14.16129252574784,33.35647497000221
ท่าดินแดง,ท่าดินแดง,-10.109786773867441,24.222012946514397
นางเลิ้ง,พิษณุโลก,-7.939131467807115,9.821643093975752
บรมราชชนนี,บรมราชชนนี,-22.25146623025921,-7.526993666107941
บางกระบือ,สามเสน,30.88494052030798,-282.31260453109263
บางกระบือ,อำนวยสงคราม,18.791338442977775,-36.94734227521113
บางกระบือ,เขียวไข่กา,-30.70293949070662,106.58417260296406
บางบอน 5,บางบอน 5,-19.404688201803893,-4.130275970109906
บางบอน 5,เอกชัย,26.723167920725444,34.17542462856744
บางยี่เรือ,อินทรพิทักษ์,-65.29843720579929,-14.84331000917318
บางยี่เรือ,เทอดไท,69.66004405754735,-48.40804297333035
บางยี่เรือ,เพชรเกษม,81.65372695318067,92.36537962524497
บางรัก,สีลม,12.952229103830433,23.9512582598485
บางรัก,เจริญกรุง,9.463841976264519,31.0648620976841
บางลำพู,สามเสน,-2.5703007966047835,18.484581412231428
บางแค,บางแค,30.86436459012012,-47.01039108571812
บางแค,เพชรเกษม,-23.956237791189253,-14.843058171923559
ประชาอุทิศ,ประชาอุทิศ,-8.82359505817594,-3.689624192714433
ประชาอุทิศ,สุขสวัสดิ์,-21.666202593896344,-10.76761627611522
ประชาอุทิศ,เทียมร่วมมิตร,-35.41264072918662,-20.23906884364871
ประตูน้ำ,ราชดำริ,18.49029317008099,31.846115846827423
ประตูน้ำ,ราชปรารภ,-18.756388851029016,24.72804790786425
ประตูน้ำ,เพชรบุรี,7.649712853774915,34.29243807430048
ปากทางลาดพร้าว,พหลโยธิน,19.57964924783252,20.436045764215827
ปากทางลาดพร้าว,ลาดพร้าว,23.851009522062768,-22.28023973715773
ป้อมมหากาฬ,มหาไชย,-14.989451918912508,-35.43980608295961
ผังเมือง,พระราม 9,28.801596459587046,10.99287543469461
ผังเมือง,วัฒนธรรม,-17.137099422955927,-18.036994271405817
พระรามที่ 4,รัชดาภิเษก,9.40525398013574,3.558464541574402
พระโขนง,สุขุมวิท,29.76923193965871,18.937251209593725
พุทธมณฑลสาย 2,พุทธมณฑลสาย 2,10.805151057689145,-6.501973926531534
พุทธมณฑลสาย 2,เพชรเกษม,2.390465847198712,-14.41488485652134
มิตรไมตรี - มิตรไมตรี 2,มิตรไมตรี,-9.421055517801861,-2.1050941896125437
มิตรไมตรี - มิตรไมตรี 2,มิตรไมตรี 2,4.808625658945957,-36.61126293624837
มไหสวรรย์,มไหสวรรย์,22.58486963585345,-4.326699430367341
รัชดา - ลาดพร้าว,รัชดาภิเษก,8.438077742420731,32.05389677341945
รัชโยธิน,พหลโยธิน,-1.9160824078439873,49.24777461310188
ราชประสงค์,เพลินจิต,-15.021860362873284,4.7679577069021235
ราชวิถี,พระรามที่ 5,4.335424037287979,-10.466130033917722
ราชวิถี,ราชวิถี,-10.980371339686926,25.916399190163446
รามคำแหง,พระราม 9,14.027392371075635,26.280411460207148
รามคำแหง,รามคำแหง,-32.45317820094256,13.387294172929558
ราษฎร์บูรณะ,ราษฎร์บูรณะ,-41.94237048194125,-11.74537458567577
ลาดปลาเค้า,รามอินทรา,-8.126497364038144,2.763839000539207
ลาดปลาเค้า,ลาดปลาเค้า,38.48466935670412,31.064608628925384
วัดดวงแข,จารุเมือง,33.31798703474827,47.5542865954948
วัดดวงแข,เจริญเมือง,3.705515302691566,20.766274139127496
วัดสน,สุขสวัสดิ์,-1.7255749981799227,18.678666274259925
วัดเทพลีลา,รามคำแหง,10.748011700352578,-3.5912753438643534
วิทยุ,พระรามที่ 4,2.0521117606583203,16.98409013294618
วิทยุ,วิทยุ,-1.1113594538824003,-17.827797854469836
วิทยุ,สาทร,-10.36520771323255,-10.932746049957501
ศรีย่าน,นครไชยศรี,23.837401720794766,565.577799231899
ศรีย่าน,สามเสน,35.24075500770415,-330.976502311248
ศาลาแดง,พระรามที่ 4,-24.9807816390518,-4.6370164579285955
ศาลาแดง,ราชดำริ,-9.152274494935043,13.858915627575783
ศาลาแดง,สีลม,33.90249074412074,70.46897759447471
สะพานขาว,กรุงเกษม,3.8975740233308187,17.02151496337929
สะพานขาว,หลานหลวง,-1.2494903850823675,-14.44817088675046
สะพานแดง,ทหาร,16.270943204289026,11.550339595438132
สะพานแดง,ประดิพัทธ์,-12.382929884507178,-51.251480551165116
สะพานแดง,พระรามที่ 5,13.128665878956298,53.7646650754418
สะพานแดง,เตชะวณิช,-6.6068540671333125,-25.65442020665901
สาทร - นราธิวาส,สาทร,32.17669809379501,24.4984286435827
สาทร - เจริญกรุง,สาทร,29.33993396898481,56.15181067459491
สาทร - เจริญกรุง,เจริญกรุง,18.8833954510407,22.994068327410957
สามยอด,มหาไชย,19.15405146688937,15.408409156398207
สามยอด,เจริญกรุง,29.458868420059005,1.748385824624421
สามเหลี่ยมดินแดง,ดินแดง,30.519226879128695,-6.126441881277259
สามเหลี่ยมดินแดง,ราชปรารภ,-2.666101654580757,3.419280317724187
สามเหลี่ยมดินแดง,ราชวิถี,13.401829807840215,31.31491238666952
สี่กั๊กเสาชิงช้า,ตะนาว,-15.766465343687074,-96.17486338797814
สี่กั๊กเสาชิงช้า,เฟื่องนคร,34.16508818670317,19.83257596340931
สุทธิสาร,รัชดาภิเษก,2.2392921649420856,6.017118144139701
สุทธิสาร,สุทธิสารวินิจฉัย,21.255970737044507,6.279150130570855
สุโขทัย,สุโขทัย,-7.168284965343176,-15.644668524484644
หทัยราษฎร์ - เลียบคลองสอง,หทัยราษฎร์,14.294522458265817,-3.5619016853915753
หทัยราษฎร์ - เลียบคลองสอง,เลียบคลองสอง,8.834109351753042,3.936687654674941
หมู่บ้านเศรษฐกิจ,เพชรเกษม,13.282501293620811,-0.38998774655840407
ห้วยขวาง,ประชาราษฎร์บำเพ็ญ,41.30293847973468,-5.912953374939917
ห้วยขวาง,ประชาสงเคราะห์,-8.201808161526827,61.03795091593405
ห้วยขวาง,รัชดาภิเษก,13.114074176736175,-3.7695268616057263
อังรีดูนังต์,สุรวงศ์,-39.53670703804576,1.219244260081524
อังรีดูนังต์,อังรีดูนังต์,-6.068176727148156,33.196953525450965
อโศกเพชร,อโศก,-26.586224776786125,-16.220884972250573
อโศกเพชร,เพชรบุรี,-43.808736261521,-26.659181861472035
เกษมราษฎร์,พระรามที่ 4,7.615131603412706,11.6634660763619
เกษมราษฎร์,เกษมราษฎร์,-67.94346383719088,-100.78838575637552
เกษะโกมล,พระรามที่ 5,-11.978342373273207,-19.90271999184447
เกษะโกมล,อำนวยสงคราม,-19.39757233404856,1.078815735513416
เกษะโกมล,เศรษฐศิริ,33.85824418813122,22.628150487376026
เจริญราษฎร์,เจริญราษฎร์,-1.1869541590619264,5.345873568603295
เจ้าคุณทหาร - ฉลองกรุง,ฉลองกรุง,-43.69985983611963,-15.745339893716235
เจ้าคุณทหาร - ฉลองกรุง,เจ้าคุณทหาร,49.28922420549729,50.021559313100745
เฉลิมกรุง,เจริญกรุง,-0.7575945451495372,13.150589918764737
เฉลิมเผ่า,อังรีดูนังต์,14.214832950341787,-21.10482372808241
เดโช,สีลม,1.0556156806156878,0.5015632515632689
เดโช,เดโช,-9.444756055379486,16.458853334081198
เทอดดำริ,ประดิพัทธ์,25.274926251331152,28.185006320643254
เทอดดำริ,เทอดดำริ,-27.36198998981014,-16.84528417542755
เทียมร่วมมิตร,เทียมร่วมมิตร,11.533785872549586,29.123817957182524
เทเวศร์,กรุงเกษม,54.67439785905442,17.997695509961346
เทเวศร์,สามเสน,-55.37793463497751,-17.459790612659603
เพชรเกษม 69,เพชรเกษม,-10.83342468661364,-11.854429613618166
เสือป่า,เสือป่า,29.918867235606825,15.73497042872674
แปลงนาม,แปลงนาม,-20.849557974347185,8.061474781542238
โพธิ์แก้ว,ทางเข้าวัดบางเตย,-5.6630824372759605,-16.216077828981042
โพธิ์แก้ว,นวมินทร์,5.360389205490165,-1.0274129848576194
โพธิ์แก้ว,โพธิ์แก้ว,-27.27094291739236,26.47011375622769
ใต้ด่วนพระราม 4,ทางด่วน,-28.36954233505957,-13.794840217254006
ใต้ด่วนพระราม 4,พระรามที่ 4,-11.069966768522832,-26.17692829967997
ใต้ด่วนพระราม 4,เชื้อเพลิง,-20.29729537144665,12.220819360384084
ไฟฉาย,จรัญสนิทวงศ์,70.89216604609257,82.96711798645109
ไฟฉาย,พรานนก,40.33734467366389,48.26878996260103
