intersection_key,road_key,time_key,actual_month,Before,After_year,paired_index,report_year
คลองตัน,พัฒนาการ,07:00-09:00,4,2399.25,9771.0,407.25226633322916,2022
คลองตัน,พัฒนาการ,09:00-16:00,4,2132.714285714286,983.5714285714286,46.11829325473909,2022
คลองตัน,พัฒนาการ,16:00-19:00,4,2084.333333333333,794.0,38.09371501679195,2022
คลองตัน,รามคำแหง,07:00-09:00,4,1878.75,4596.5,244.65735196274116,2022
คลองตัน,รามคำแหง,09:00-16:00,4,1647.7142857142858,632.5714285714286,38.39084445985781,2022
คลองตัน,เพชรบุรี,07:00-09:00,4,1691.5,5909.0,349.3349098433343,2022
คลองตัน,เพชรบุรี,09:00-16:00,4,1628.9285714285716,1185.857142857143,72.79982459986844,2022
จันทน์ - นราธิวาส,จันทน์,07:00-09:00,8,1185.5,951.0,80.21931674398988,2022
จันทน์ - นราธิวาส,จันทน์,09:00-16:00,8,1203.0,919.8571428571428,76.4636028975181,2022
จันทน์ - นราธิวาส,จันทน์,16:00-19:00,8,1340.6666666666667,1119.3333333333333,83.49080059671805,2022
ซังฮี้,ราชวิถี,09:00-16:00,1,1330.0,1219.142857142857,91.66487647690656,2022
ซังฮี้,สามเสน,09:00-16:00,1,1892.4285714285716,2538.0,134.11338416245187,2022
พระรามที่ 4,พระรามที่ 4,09:00-16:00,6,3352.714285714286,3120.0,93.0589287996932,2022
พระรามที่ 4,รัชดาภิเษก,09:00-16:00,6,1597.857142857143,1509.571428571429,94.47474295932054,2022
พุทธมณฑลสาย 2,พุทธมณฑลสาย 2,07:00-09:00,6,883.5,899.5,101.8109790605546,2022
พุทธมณฑลสาย 2,พุทธมณฑลสาย 2,09:00-16:00,6,1028.0,715.1428571428571,69.56642579210673,2022
พุทธมณฑลสาย 2,พุทธมณฑลสาย 2,16:00-19:00,6,857.6666666666666,879.0,102.48736883015934,2022
พุทธมณฑลสาย 2,เพชรเกษม,07:00-09:00,6,7094.0,7161.5,100.95150831688751,2022
พุทธมณฑลสาย 2,เพชรเกษม,09:00-16:00,6,6630.714285714285,6148.714285714285,92.73079823332975,2022
พุทธมณฑลสาย 2,เพชรเกษม,16:00-19:00,6,7740.333333333333,5990.666666666667,77.39546100512467,2022
มหานคร,จารุเมือง,07:00-09:00,11,3129.0,2896.0,92.55353147970598,2022
มหานคร,จารุเมือง,09:00-16:00,11,2021.857142857143,2385.5714285714284,117.98911891471772,2022
มหานคร,จารุเมือง,16:00-19:00,11,1917.6666666666667,2232.6666666666665,116.42621241091604,2022
มหานคร,พระรามที่ 4,07:00-09:00,11,2417.0,3082.0,127.51344642118327,2022
มหานคร,พระรามที่ 4,09:00-16:00,11,3001.428571428572,3081.285714285714,102.66063779152783,2022
มหานคร,พระรามที่ 4,16:00-19:00,11,3409.6666666666665,3120.6666666666665,91.52409815231205,2022
มหานคร,มหานคร,07:00-09:00,11,2391.5,1244.5,52.03846957976166,2022
มหานคร,มหานคร,09:00-16:00,11,1433.857142857143,1066.571428571429,74.38477632758794,2022
มหานคร,มหานคร,16:00-19:00,11,1168.6666666666667,1090.0,93.2686822589846,2022
รามคำแหง,พระราม 9,07:00-09:00,7,7679.0,6739.0,87.75882276338065,2022
รามคำแหง,พระราม 9,09:00-16:00,7,7184.571428571428,7777.714285714285,108.2557862085421,2022
รามคำแหง,พระราม 9,16:00-19:00,7,7051.666666666667,8041.666666666667,114.0392342235878,2022
รามคำแหง,รามคำแหง,07:00-09:00,7,3827.5,3512.0,91.75702155453952,2022
รามคำแหง,รามคำแหง,09:00-16:00,7,3351.5714285714284,2934.714285714286,87.56233749627042,2022
รามคำแหง,รามคำแหง,16:00-19:00,7,3395.333333333333,3570.0,105.14431572746909,2022
สามเหลี่ยมดินแดง,ดินแดง,07:00-09:00,5,2431.0,3282.0,135.00617030028795,2022
สามเหลี่ยมดินแดง,ดินแดง,09:00-16:00,5,2433.5714285714284,2942.8571428571427,120.92750220135015,2022
สามเหลี่ยมดินแดง,ดินแดง,16:00-19:00,5,1374.6666666666667,1771.6666666666667,128.8797284190107,2022
สามเหลี่ยมดินแดง,ราชปรารภ,07:00-09:00,5,2789.0,1760.5,63.122983148081744,2022
สามเหลี่ยมดินแดง,ราชปรารภ,09:00-16:00,5,2297.0,1715.7142857142858,74.69369985695629,2022
สามเหลี่ยมดินแดง,ราชปรารภ,16:00-19:00,5,3304.6666666666665,2199.0,66.54226346580593,2022
สามเหลี่ยมดินแดง,ราชวิถี,07:00-09:00,5,1087.0,850.0,78.196872125115,2022
สามเหลี่ยมดินแดง,ราชวิถี,09:00-16:00,5,1027.2857142857142,699.8571428571429,68.12682519816437,2022
สามเหลี่ยมดินแดง,ราชวิถี,16:00-19:00,5,1188.0,1301.0,109.51178451178451,2022
เทอดดำริ,ประดิพัทธ์,07:00-09:00,3,1344.5,1321.0,98.25213834139085,2022
เทอดดำริ,ประดิพัทธ์,09:00-16:00,3,1046.142857142857,1313.571428571429,125.56329373207704,2022
เทอดดำริ,ประดิพัทธ์,16:00-19:00,3,1055.3333333333333,1334.3333333333333,126.4371446620341,2022
เทอดดำริ,เทอดดำริ,07:00-09:00,3,1383.0,1053.0,76.13882863340564,2022
เทอดดำริ,เทอดดำริ,09:00-16:00,3,1097.428571428571,694.5714285714286,63.29080968497789,2022
เทอดดำริ,เทอดดำริ,16:00-19:00,3,1368.3333333333333,811.3333333333334,59.293544457978086,2022
การเรือน,ราชวิถี,07:00-09:00,3,1110.0,999.0,90.0,2023
ประเสริฐมนูกิจ - ประดิษฐ์มนูธรรม,ประดิษฐ์มนูธรรม,07:00-09:00,2,6863.5,7135.0,103.95570772929264,2023
ประเสริฐมนูกิจ - ประดิษฐ์มนูธรรม,ประเสริฐมนูกิจ,07:00-09:00,2,7078.5,6734.0,95.13314967860423,2023
พระราม 9,พระราม 9,07:00-09:00,2,2216.5,2292.5,103.42882923528084,2023
พระราม 9,รัชดาภิเษก,07:00-09:00,2,3576.0,3860.0,107.94183445190157,2023
พระราม 9,อโศกดินแดง,07:00-09:00,2,2584.0,2876.0,111.30030959752321,2023
พัฒนาการ,พัฒนาการ,07:00-09:00,4,3219.0,3707.5,115.17552034793414,2023
พัฒนาการ,ศรีนครินทร์,07:00-09:00,4,4027.0,5039.5,125.14278619319592,2023
มัยลาภ,รามอินทรา,07:00-09:00,7,5479.0,5430.0,99.10567621828801,2023
ราชประสงค์,เพลินจิต,07:00-09:00,5,2300.0,1972.5,85.76086956521739,2023
วังหิน,สุขาภิบาล 1,07:00-09:00,7,804.5,838.0,104.16407706650092,2023
วังหิน,เสนานิคม,07:00-09:00,7,1205.0,1065.0,88.38174273858921,2023
สะพานดำ,กำแพงเพชร,07:00-09:00,10,1039.0,1056.0,101.6361886429259,2023
สะพานดำ,กำแพงเพชร 5,07:00-09:00,10,2.5,0.5,20.0,2023
สะพานดำ,พระรามที่ 6,07:00-09:00,10,2088.5,1751.5,83.86401723725162,2023
สามยอด,มหาไชย,07:00-09:00,1,3275.0,2694.5,82.27480916030534,2023
สามยอด,เจริญกรุง,07:00-09:00,1,1190.0,1465.5,123.15126050420169,2023
สายน้ำผึ้ง,สุขุมวิท,07:00-09:00,6,2195.5,2483.5,113.1177408335231,2023
ห้วยขวาง,ประชาราษฎร์บำเพ็ญ,07:00-09:00,3,947.0,1066.0,112.56599788806759,2023
ห้วยขวาง,ประชาสงเคราะห์,07:00-09:00,3,422.5,482.0,114.0828402366864,2023
ห้วยขวาง,รัชดาภิเษก,07:00-09:00,3,6732.5,6432.5,95.54400297066469,2023
อรุณอัมรินทร์,สมเด็จพระปิ่นเกล้า,07:00-09:00,7,7994.0,10784.5,134.90743057292968,2023
อรุณอัมรินทร์,อรุณอัมรินทร์,07:00-09:00,7,3494.5,4069.0,116.44012018886822,2023
อังรีดูนังต์,พระรามที่ 4,07:00-09:00,11,4304.0,4393.0,102.067843866171,2023
อังรีดูนังต์,สุรวงศ์,07:00-09:00,11,704.5,703.0,99.78708303761533,2023
อังรีดูนังต์,อังรีดูนังต์,07:00-09:00,11,1230.0,1386.0,112.68292682926828,2023
เกษะโกมล,พระรามที่ 5,07:00-09:00,11,2760.0,1999.0,72.42753623188406,2023
เกษะโกมล,อำนวยสงคราม,07:00-09:00,11,465.0,547.0,117.63440860215053,2023
เกษะโกมล,เศรษฐศิริ,07:00-09:00,11,469.0,553.5,118.01705756929637,2023
เจริญราษฎร์,พระรามที่ 3,07:00-09:00,3,7826.0,6844.0,87.45208280092001,2023
เจริญราษฎร์,เจริญราษฎร์,07:00-09:00,3,1624.5,1285.5,79.1320406278855,2023
แปลงนาม,พลับพลาไชย,07:00-09:00,9,66.5,99.5,149.62406015037595,2023
แปลงนาม,เจริญกรุง,07:00-09:00,9,2197.0,1277.5,58.1474738279472,2023
แปลงนาม,แปลงนาม,07:00-09:00,9,174.5,68.0,38.96848137535817,2023
คอกวัว,ตะนาว,07:00-09:00,9,971.0,837.0,86.19979402677652,2024
คอกวัว,ราชดำเนินกลาง,07:00-09:00,9,4098.0,3827.5,93.39921913128354,2024
ปทุมวัน,พญาไท,07:00-09:00,6,3007.5,3251.5,108.11305070656691,2024
ปทุมวัน,พระรามที่ 1,07:00-09:00,6,2802.5,2298.5,82.01605709188225,2024
ราชเทวี,พญาไท,07:00-09:00,6,4515.5,3772.0,83.53449230428524,2024
ราชเทวี,เพชรบุรี,07:00-09:00,6,4374.5,4149.5,94.85655503486112,2024
หมู่บ้านเศรษฐกิจ,เพชรเกษม,07:00-09:00,10,6568.5,5576.5,84.89761741645734,2024
ห้วยขวาง,ประชาราษฎร์บำเพ็ญ,07:00-09:00,12,1038.0,1163.0,112.04238921001928,2024
ห้วยขวาง,รัชดาภิเษก,07:00-09:00,12,6290.5,6047.5,96.13703203242986,2024
อ.ส.ม.ท.,พระราม 9,07:00-09:00,10,3659.0,3187.0,87.10030062858705,2024
อ.ส.ม.ท.,เพชรอุทัย,07:00-09:00,10,725.5,837.0,115.36871123363197,2024
เทอดดำริ,ประดิพัทธ์,07:00-09:00,3,1344.5,1475.5,109.7433990330978,2024
เทอดดำริ,เทอดดำริ,07:00-09:00,3,1383.0,1422.0,102.81995661605205,2024
ชิดลม,เพลินจิต,07:00-09:00,7,3682.0,2525.0,68.57686040195546,2025
ทองหล่อ,สุขุมวิท,07:00-09:00,11,1114.0,2661.0,238.8689407540395,2025
บางรัก,สีลม,07:00-09:00,6,676.0,748.0,110.65088757396451,2025
บางรัก,เจริญกรุง,07:00-09:00,6,1483.5,1536.5,103.57263228850691,2025
ประชาธรรม,ประชาอุทิศ,07:00-09:00,12,1249.0,975.5,78.10248198558847,2025
ประชาธรรม,ประดิษฐ์มนูธรรม,07:00-09:00,12,5349.0,3935.5,73.57449990652458,2025
ประตูน้ำ,ราชดำริ,07:00-09:00,7,2157.0,1410.0,65.36856745479834,2025
ประตูน้ำ,ราชปรารภ,07:00-09:00,7,928.0,563.5,60.72198275862068,2025
ประตูน้ำ,เพชรบุรี,07:00-09:00,7,3247.0,1811.5,55.78995996304281,2025
ผังเมือง,วัฒนธรรม,07:00-09:00,12,749.5,1388.0,185.19012675116744,2025
พหลโยธิน - เทพรักษ์,พหลโยธิน,07:00-09:00,7,2019.0,3497.0,173.20455671124319,2025
พหลโยธิน - เทพรักษ์,เทพรักษ์,07:00-09:00,7,1727.0,4317.5,250.0,2025
พิบูลสงคราม,ประชาราษฎร์สาย 1,07:00-09:00,10,1758.0,1887.5,107.36632536973833,2025
พิบูลสงคราม,พิบูลสงคราม,07:00-09:00,10,2498.5,2243.0,89.77386431859115,2025
วัดสิงห์,เอกชัย,07:00-09:00,10,1516.5,861.5,56.808440487965704,2025
ศรีอยุธยา,พระรามที่ 6,07:00-09:00,12,4222.5,2991.0,70.8348134991119,2025
ศรีอยุธยา,ศรีอยุธยา,07:00-09:00,12,3675.0,3150.0,85.71428571428571,2025
สวนมิกสกวัน,พิษณุโลก,07:00-09:00,4,1530.0,956.5,62.51633986928105,2025
หมอมี,พระรามที่ 4,07:00-09:00,7,509.5,512.0,100.49067713444553,2025
หมอมี,พระรามที่ 4,07:00-09:00,12,524.0,683.0,130.34351145038167,2025
หมอมี,เจริญกรุง,07:00-09:00,7,1727.5,1671.5,96.75832127351664,2025
หมอมี,เจริญกรุง,07:00-09:00,12,2420.5,945.5,39.06217723610824,2025
เฉลิมเผ่า,พระรามที่ 1,07:00-09:00,7,2678.5,2583.5,96.4532387530334,2025
เฉลิมเผ่า,อังรีดูนังต์,07:00-09:00,7,897.0,859.0,95.76365663322186,2025
เตาปูน,ประชาราษฎร์,07:00-09:00,10,1562.0,1168.0,74.77592829705506,2025
เตาปูน,ประชาราษฎร์สาย 2,07:00-09:00,10,1393.0,1316.0,94.47236180904522,2025
เทียมร่วมมิตร,รัชดาภิเษก,07:00-09:00,7,6965.5,4593.0,65.9392721269112,2025
เทียมร่วมมิตร,เทียมร่วมมิตร,07:00-09:00,7,3099.5,1899.0,61.267946442974676,2025
เพลินจิต,วิทยุ,07:00-09:00,7,1549.0,1360.5,87.83085861846352,2025
เพลินจิต,เพลินจิต,07:00-09:00,7,3902.0,3236.5,82.9446437724244,2025
บางขุนนนท์,จรัญสนิทวงศ์,07:00-09:00,3,1967.0,2560.5,130.17285205897306,2026
บางยี่เรือ,อินทรพิทักษ์,07:00-09:00,5,1489.5,717.5,48.17052702249077,2026
บางยี่เรือ,เทอดไท,07:00-09:00,5,792.5,368.5,46.49842271293375,2026
บางยี่เรือ,เพชรเกษม,07:00-09:00,5,1813.0,1131.0,62.38279095421952,2026
อุรุพงษ์,พระรามที่ 6,07:00-09:00,5,4112.5,2305.5,56.06079027355623,2026
อุรุพงษ์,เพชรบุรี,07:00-09:00,5,4077.5,2172.0,53.26793378295525,2026
