intersection,survey_date,road,share_pct
กรุงธนบุรีใต้,2024-02-29,กรุงธนบุรี,19.388830347734455
กรุงธนบุรีใต้,2024-02-29,เจริญนคร,80.61116965226554
กรุงธนบุรีใต้,2025-12-15,กรุงธนบุรี,14.527845036319611
กรุงธนบุรีใต้,2025-12-15,เจริญนคร,85.4721549636804
กรุงเทพกรีฑา 20,2023-11-13,กรุงเทพกรีฑา,72.78172968925496
กรุงเทพกรีฑา 20,2023-11-13,กรุงเทพกรีฑา 20,21.26544365406215
กรุงเทพกรีฑา 20,2023-11-13,กรุงเทพกรีฑา 37,5.95282665668289
กรุงเทพกรีฑา 20,2024-02-07,กรุงเทพกรีฑา,67.10369487485102
กรุงเทพกรีฑา 20,2024-02-07,กรุงเทพกรีฑา 20,23.91736193881605
กรุงเทพกรีฑา 20,2024-02-07,กรุงเทพกรีฑา 37,8.978943186332936
กษัตริย์ศึก,2024-10-28,กรุงเกษม,7.603001557411865
กษัตริย์ศึก,2024-10-28,บำรุงเมือง,92.39699844258814
กษัตริย์ศึก,2025-12-30,กรุงเกษม,9.920704845814978
กษัตริย์ศึก,2025-12-30,บำรุงเมือง,90.07929515418502
การเรือน,2023-03-01,นครราชสีมา,62.661184825266304
การเรือน,2023-03-01,ราชวิถี,37.338815174733696
การเรือน,2025-12-01,นครราชสีมา,71.14000464360343
การเรือน,2025-12-01,ราชวิถี,28.85999535639656
กำแพงเพชร,2023-03-03,กำแพงเพชร,27.27136544079095
กำแพงเพชร,2023-03-03,พหลโยธิน,69.59778293760766
กำแพงเพชร,2023-03-03,พหลโยธิน 18,3.1308516216013786
กำแพงเพชร,2025-06-30,กำแพงเพชร,22.34234234234234
กำแพงเพชร,2025-06-30,พหลโยธิน,76.32132132132132
กำแพงเพชร,2025-06-30,พหลโยธิน 18,1.3363363363363363
ค.ป.อ.,2023-10-02,จันทรุเบกษา,30.55416458020364
ค.ป.อ.,2023-10-02,ธูปเตมีย์,17.40944750459022
ค.ป.อ.,2023-10-02,พหลโยธิน,52.03638791520614
ค.ป.อ.,2025-09-02,จันทรุเบกษา,35.3025693035835
ค.ป.อ.,2025-09-02,ธูปเตมีย์,9.660243407707911
ค.ป.อ.,2025-09-02,พหลโยธิน,55.03718728870859
คลองสาน,2023-01-20,ลาดหญ้า,31.958152388472165
คลองสาน,2023-01-20,สมเด็จเจ้าพระยา,26.253454401894988
คลองสาน,2023-01-20,เจริญนคร,41.788393209632844
คลองสาน,2024-01-05,ลาดหญ้า,23.44037635508284
คลองสาน,2024-01-05,สมเด็จเจ้าพระยา,29.965228062998566
คลองสาน,2024-01-05,เจริญนคร,46.59439558191859
คลองสาน,2025-03-03,ลาดหญ้า,29.593730666116723
คลองสาน,2025-03-03,สมเด็จเจ้าพระยา,29.861827180862033
คลองสาน,2025-03-03,เจริญนคร,40.544442153021244
คลองเตย,2023-11-21,พระรามที่ 4,72.55918195825745
คลองเตย,2023-11-21,สุนทรโกษา,27.440818041742542
คลองเตย,2025-05-19,พระรามที่ 4,74.36437246963563
คลองเตย,2025-05-19,สุนทรโกษา,25.635627530364374
จักรพรรดิพงษ์,2023-09-27,จักรพรรดิพงษ์,57.568296400515884
จักรพรรดิพงษ์,2023-09-27,นครสวรรค์,42.43170359948411
จักรพรรดิพงษ์,2025-05-21,จักรพรรดิพงษ์,58.073270013568525
จักรพรรดิพงษ์,2025-05-21,นครสวรรค์,41.926729986431475
จันทน์ - เจริญราษฎร์,2023-04-26,จันทน์,29.848193286294634
จันทน์ - เจริญราษฎร์,2023-04-26,เจริญราษฎร์,70.15180671370537
จันทน์ - เจริญราษฎร์,2024-06-18,จันทน์,22.959912597697286
จันทน์ - เจริญราษฎร์,2024-06-18,เจริญราษฎร์,77.04008740230272
จันทิมา,2023-07-18,ลาดพร้าว,88.96137787056368
จันทิมา,2023-07-18,ลาดพร้าว 80,11.038622129436327
จันทิมา,2024-11-15,ลาดพร้าว,94.56036541056784
จันทิมา,2024-11-15,ลาดพร้าว 80,5.43963458943216
ตลาดวงศกร,2023-09-25,ทางเข้าออกตลาดวงศกร,8.423559982676483
ตลาดวงศกร,2023-09-25,สายไหม,66.5872672152447
ตลาดวงศกร,2023-09-25,เฉลิมพงษ์,24.989172802078823
ตลาดวงศกร,2025-10-16,ทางเข้าออกตลาดวงศกร,6.220222339862361
ตลาดวงศกร,2025-10-16,สายไหม,71.65166754896771
ตลาดวงศกร,2025-10-16,เฉลิมพงษ์,22.12811011116993
ตึกชัย,2023-05-12,พระรามที่ 6,62.90437890974084
ตึกชัย,2023-05-12,ราชวิถี,37.095621090259165
ตึกชัย,2025-11-03,พระรามที่ 6,64.14876619918338
ตึกชัย,2025-11-03,ราชวิถี,35.851233800816615
ถนนตก,2023-03-24,พระรามที่ 3,74.37295528898582
ถนนตก,2023-03-24,เจริญกรุง,25.627044711014175
ถนนตก,2025-10-01,พระรามที่ 3,73.84724186704385
ถนนตก,2025-10-01,เจริญกรุง,26.152758132956155
ทองหล่อ,2023-06-06,สุขุมวิท,72.26192212337757
ทองหล่อ,2023-06-06,สุขุมวิท 55,27.73807787662243
ทองหล่อ,2024-07-01,สุขุมวิท,65.97868380984605
ทองหล่อ,2024-07-01,สุขุมวิท 55,34.02131619015395
ทองหล่อ,2025-11-26,สุขุมวิท,71.13071371291099
ทองหล่อ,2025-11-26,สุขุมวิท 55,28.869286287089015
ทุ่งสาธิต,2023-07-11,สุขุมวิท,86.91325978801643
ทุ่งสาธิต,2023-07-11,สุขุมวิท 101/1,13.08674021198356
ทุ่งสาธิต,2025-03-03,สุขุมวิท,82.93365794278759
ทุ่งสาธิต,2025-03-03,สุขุมวิท 101/1,17.066342057212417
ท่าพระ,2023-07-13,จรัญสนิทวงศ์,22.61073973407772
ท่าพระ,2023-07-13,รัชดาภิเษก,29.890545801807093
ท่าพระ,2023-07-13,เพชรเกษม,47.49871446411518
ท่าพระ,2024-11-29,จรัญสนิทวงศ์,18.34101382488479
ท่าพระ,2024-11-29,รัชดาภิเษก,22.73041474654378
ท่าพระ,2024-11-29,เพชรเกษม,58.92857142857143
นวมินทร์ - แฮปปี้แลนด์,2023-03-13,นวมินทร์,80.28553432710477
นวมินทร์ - แฮปปี้แลนด์,2023-03-13,แฮปปี้แลนด์,19.714465672895233
นวมินทร์ - แฮปปี้แลนด์,2024-09-18,นวมินทร์,68.96439072198628
นวมินทร์ - แฮปปี้แลนด์,2024-09-18,แฮปปี้แลนด์,31.03560927801372
นาหลวง,2024-12-15,ประชาอุทิศ (SB),43.08128132490739
นาหลวง,2024-12-15,ประชาอุทิศ (WB),29.24384397472216
นาหลวง,2024-12-15,พุทธบูชา,25.866201786881675
นาหลวง,2024-12-15,หมู่บ้านสินทวี,1.8086729134887773
นาหลวง,2025-11-10,ประชาอุทิศ (SB),30.775422591896966
นาหลวง,2025-11-10,ประชาอุทิศ (WB),29.32653608800644
นาหลวง,2025-11-10,พุทธบูชา,36.75878722833378
นาหลวง,2025-11-10,หมู่บ้านสินทวี,3.139254091762812
นิด้า,2023-03-23,ศรีบูรพา,45.32393241984835
นิด้า,2023-03-23,เสรีไทย,54.67606758015165
นิด้า,2024-08-25,ศรีบูรพา,39.43171608265948
นิด้า,2024-08-25,เสรีไทย,60.56828391734052
นิด้า,2025-08-25,ศรีบูรพา,39.43171608265948
นิด้า,2025-08-25,เสรีไทย,60.56828391734052
บรมราชชนนี,2023-05-25,จรัญสนิทวงศ์,47.31285118723944
บรมราชชนนี,2023-05-25,บรมราชชนนี,27.854812398042416
บรมราชชนนี,2023-05-25,สมเด็จพระปิ่นเกล้า,24.832336414718146
บรมราชชนนี,2024-12-06,จรัญสนิทวงศ์,38.88661481784691
บรมราชชนนี,2024-12-06,บรมราชชนนี,33.81600491199345
บรมราชชนนี,2024-12-06,สมเด็จพระปิ่นเกล้า,27.29738027015964
บางบอน 3 ซอย 5,2024-11-20,บางบอน 3,67.32295966973642
บางบอน 3 ซอย 5,2024-11-20,บางบอน 3 ซอย 10,0.0
บางบอน 3 ซอย 5,2024-11-20,บางบอน 3 ซอย 5,32.67704033026357
บางบอน 3 ซอย 5,2024-12-19,บางบอน 3,68.86934673366835
บางบอน 3 ซอย 5,2024-12-19,บางบอน 3 ซอย 10,0.1507537688442211
บางบอน 3 ซอย 5,2024-12-19,บางบอน 3 ซอย 5,30.97989949748744
บางพลัด,2023-02-02,จรัญสนิทวงศ์,61.89706278631096
บางพลัด,2023-02-02,ราชวิถี,8.481541363513879
บางพลัด,2023-02-02,สิรินธร,29.62139585017515
บางพลัด,2024-10-31,จรัญสนิทวงศ์,56.80869895056265
บางพลัด,2024-10-31,ราชวิถี,21.254267290428626
บางพลัด,2024-10-31,สิรินธร,21.937033759008724
บางรัก,2023-11-29,สีลม,30.163447251114412
บางรัก,2023-11-29,เจริญกรุง,67.37423052430482
บางรัก,2023-11-29,เจริญกรุง 42,2.4623222245807685
บางรัก,2025-06-05,สีลม,32.013695698694626
บางรัก,2025-06-05,เจริญกรุง,65.7607532634282
บางรัก,2025-06-05,เจริญกรุง 42,2.2255510378771666
บางแค,2023-08-30,บางแค,7.450824557917743
บางแค,2023-08-30,เพชรเกษม,92.54917544208226
บางแค,2024-01-29,บางแค,7.789947794042379
บางแค,2024-01-29,เพชรเกษม,92.21005220595761
บุคคโล,2023-06-29,มไหสวรรย์,41.70606967094471
บุคคโล,2023-06-29,เจริญนคร,58.293930329055286
บุคคโล,2025-09-18,มไหสวรรย์,40.69922604750467
บุคคโล,2025-09-18,เจริญนคร,59.300773952495334
บ้านแขก,2023-01-18,ประชาธิปก,82.78184056187096
บ้านแขก,2023-01-18,อิสรภาพ,17.218159438129028
บ้านแขก,2025-04-21,ประชาธิปก,75.89483687044662
บ้านแขก,2025-04-21,อิสรภาพ,24.10516312955337
ปทุมวัน,2023-05-03,พญาไท,59.03980553023397
ปทุมวัน,2023-05-03,พระรามที่ 1,40.96019446976602
ปทุมวัน,2024-06-28,พญาไท,58.585585585585584
ปทุมวัน,2024-06-28,พระรามที่ 1,41.414414414414416
ปทุมวัน,2025-07-24,พญาไท,52.79667038879302
ปทุมวัน,2025-07-24,พระรามที่ 1,47.20332961120698
ประชาสงเคราะห์,2023-03-07,ดินแดง,40.02007696168646
ประชาสงเคราะห์,2023-03-07,ประชาสงเคราะห์,19.82599966538397
ประชาสงเคราะห์,2023-03-07,อโศกดินแดง,40.15392337292956
ประชาสงเคราะห์,2024-06-17,ดินแดง,43.7636165577342
ประชาสงเคราะห์,2024-06-17,ประชาสงเคราะห์,21.977124183006534
ประชาสงเคราะห์,2024-06-17,อโศกดินแดง,34.25925925925926
ประชาเกษม,2023-05-19,กรุงเกษม,24.89707900411684
ประชาเกษม,2023-05-19,นครราชสีมา,10.586159576553616
ประชาเกษม,2023-05-19,ประชาธิปไตย,64.51676141932954
ประชาเกษม,2024-01-23,กรุงเกษม,25.281256633411164
ประชาเกษม,2024-01-23,นครราชสีมา,11.186584589259182
ประชาเกษม,2024-01-23,ประชาธิปไตย,63.53215877732965
ประตูน้ำ,2023-05-31,ราชดำริ,29.045293820508505
ประตูน้ำ,2023-05-31,ราชปรารภ,13.268226974238088
ประตูน้ำ,2023-05-31,เพชรบุรี,57.686479205253406
ประตูน้ำ,2025-07-14,ราชดำริ,37.25231175693527
ประตูน้ำ,2025-07-14,ราชปรารภ,14.887714663143989
ประตูน้ำ,2025-07-14,เพชรบุรี,47.85997357992074
ประเวศ,2023-01-12,อ่อนนุช,76.23630441220017
ประเวศ,2023-01-12,เฉลิมพระเกียรติ ร.9,23.76369558779982
ประเวศ,2024-02-20,อ่อนนุช,75.01776325138553
ประเวศ,2024-02-20,เฉลิมพระเกียรติ ร.9,24.98223674861447
ผ่องพลอย,2023-09-19,ลาซาล,75.39877300613497
ผ่องพลอย,2023-09-19,ลาซาล 46,1.4519427402862985
ผ่องพลอย,2023-09-19,ลาซาล 55,23.14928425357873
ผ่องพลอย,2024-07-16,ลาซาล,77.32121691031213
ผ่องพลอย,2024-07-16,ลาซาล 46,2.903990517581984
ผ่องพลอย,2024-07-16,ลาซาล 55,19.774792572105888
ผ่านฟ้าลีลาศ,2023-06-21,นครสวรรค์,0.6035578144853875
ผ่านฟ้าลีลาศ,2023-06-21,บริพัตร,0.1905972045743329
ผ่านฟ้าลีลาศ,2023-06-21,ปรินายก,0.7835662854722576
ผ่านฟ้าลีลาศ,2023-06-21,ราชดำเนินกลาง,65.8301567132571
ผ่านฟ้าลีลาศ,2023-06-21,ราชดำเนินนอก,7.88860652265989
ผ่านฟ้าลีลาศ,2023-06-21,หลานหลวง,24.70351545955104
ผ่านฟ้าลีลาศ,2023-10-09,นครสวรรค์,0.2414844941535333
ผ่านฟ้าลีลาศ,2023-10-09,บริพัตร,0.19064565327910524
ผ่านฟ้าลีลาศ,2023-10-09,ปรินายก,0.3177427554651754
ผ่านฟ้าลีลาศ,2023-10-09,ราชดำเนินกลาง,70.79308591764108
ผ่านฟ้าลีลาศ,2023-10-09,ราชดำเนินนอก,5.57956278596848
ผ่านฟ้าลีลาศ,2023-10-09,หลานหลวง,22.877478393492627
พงษ์เพชร,2023-04-04,งามวงศ์วาน,81.79839587279835
พงษ์เพชร,2023-04-04,ประชาชื่น,18.201604127201644
พงษ์เพชร,2025-07-04,งามวงศ์วาน,73.91548147015344
พงษ์เพชร,2025-07-04,ประชาชื่น,26.084518529846562
พญาไท,2023-07-10,พญาไท,41.48477323225722
พญาไท,2023-07-10,ศรีอยุธยา,58.51522676774278
พญาไท,2024-06-27,พญาไท,34.475555776595215
พญาไท,2024-06-27,ศรีอยุธยา,65.52444422340479
พญาไท,2025-07-07,พญาไท,44.20842540451921
พญาไท,2025-07-07,ศรีอยุธยา,55.79157459548079
พระราม 9,2023-02-08,พระราม 9,25.39181480866146
พระราม 9,2023-02-08,รัชดาภิเษก,42.75350279669934
พระราม 9,2023-02-08,อโศกดินแดง,31.854682394639198
พระราม 9,2025-09-26,พระราม 9,29.225831021163156
พระราม 9,2025-09-26,รัชดาภิเษก,36.13513954627061
พระราม 9,2025-09-26,อโศกดินแดง,34.63902943256624
พระรามที่ 2,2023-02-09,พระรามที่ 2,38.604676998278066
พระรามที่ 2,2023-02-09,สุขสวัสดิ์,61.395323001721934
พระรามที่ 2,2024-08-20,พระรามที่ 2,40.352869246222376
พระรามที่ 2,2024-08-20,สุขสวัสดิ์,59.647130753777624
พระรามที่ 2,2025-08-20,พระรามที่ 2,40.352869246222376
พระรามที่ 2,2025-08-20,สุขสวัสดิ์,59.647130753777624
พระโขนง,2023-08-23,พระรามที่ 4,8.119122257053291
พระโขนง,2023-08-23,สุขุมวิท,91.88087774294671
พระโขนง,2025-04-22,พระรามที่ 4,15.164100486223663
พระโขนง,2025-04-22,สุขุมวิท,84.83589951377634
พระโขนง,2025-07-23,พระรามที่ 4,9.850746268656717
พระโขนง,2025-07-23,สุขุมวิท,90.14925373134328
พรานนก,2023-01-03,พรานนก,66.1741835147745
พรานนก,2023-01-03,อิสรภาพ,33.82581648522551
พรานนก,2025-01-02,พรานนก,81.66272765188377
พรานนก,2025-01-02,อิสรภาพ,18.337272348116223
พหลโยธิน - เทพรักษ์,2024-05-24,พหลโยธิน,72.66510156170256
พหลโยธิน - เทพรักษ์,2024-05-24,เทพรักษ์,27.33489843829744
พหลโยธิน - เทพรักษ์,2025-07-03,พหลโยธิน,44.75014396314543
พหลโยธิน - เทพรักษ์,2025-07-03,เทพรักษ์,55.24985603685456
พัฒนาการ - พัฒนาการ 53,2023-11-03,พัฒนาการ,84.35346574787191
พัฒนาการ - พัฒนาการ 53,2023-11-03,พัฒนาการ 53,15.646534252128092
พัฒนาการ - พัฒนาการ 53,2025-02-03,พัฒนาการ,12.299972877678329
พัฒนาการ - พัฒนาการ 53,2025-02-03,พัฒนาการ 53,87.70002712232167
พัฒนาการ 25,2024-08-19,พัฒนาการ,74.20766799059739
พัฒนาการ 25,2024-08-19,พัฒนาการ 25,25.792332009402607
พัฒนาการ 25,2025-08-19,พัฒนาการ,74.20766799059739
พัฒนาการ 25,2025-08-19,พัฒนาการ 25,25.792332009402607
มิตรไมตรี - มิตรไมตรี 2,2024-05-02,มิตรไมตรี,36.8
มิตรไมตรี - มิตรไมตรี 2,2024-05-02,มิตรไมตรี 2,63.2
มิตรไมตรี - มิตรไมตรี 2,2025-09-25,มิตรไมตรี,53.070809248554916
มิตรไมตรี - มิตรไมตรี 2,2025-09-25,มิตรไมตรี 2,46.92919075144509
มไหสวรรย์,2024-10-24,มไหสวรรย์,17.119811491752763
มไหสวรรย์,2024-10-24,รัชดาภิเษก,25.774877650897228
มไหสวรรย์,2024-10-24,สมเด็จพระเจ้าตากสิน,57.10531085735001
มไหสวรรย์,2025-12-08,มไหสวรรย์,21.388555422168867
มไหสวรรย์,2025-12-08,รัชดาภิเษก,20.30812324929972
มไหสวรรย์,2025-12-08,สมเด็จพระเจ้าตากสิน,58.30332132853141
ยมราช,2023-08-18,พิษณุโลก,47.0138975835733
ยมราช,2023-08-18,สวรรคโลก,15.21221985726806
ยมราช,2023-08-18,หลานหลวง,0.8701640165268562
ยมราช,2023-08-18,เพชรบุรี,36.90371854263177
ยมราช,2025-05-06,พิษณุโลก,43.10791134120692
ยมราช,2025-05-06,สวรรคโลก,18.200938359488756
ยมราช,2025-05-06,หลานหลวง,0.5986086393787413
ยมราช,2025-05-06,เพชรบุรี,38.09254165992558
รัชดา - สุทธิสาร,2023-11-24,รัชดาภิเษก,84.7097408986553
รัชดา - สุทธิสาร,2023-11-24,สุทธิสารวินิจฉัย,15.290259101344702
รัชดา - สุทธิสาร,2024-10-15,รัชดาภิเษก,82.46051537822112
รัชดา - สุทธิสาร,2024-10-15,สุทธิสารวินิจฉัย,17.539484621778886
ราชดำริ,2023-06-28,ราชดำริ,59.83535528596187
ราชดำริ,2023-06-28,สารสิน,40.164644714038126
ราชดำริ,2025-10-27,ราชดำริ,60.79390973355084
ราชดำริ,2025-10-27,สารสิน,39.20609026644916
ราชประสงค์,2023-05-29,พระรามที่ 1,9.752747252747254
ราชประสงค์,2023-05-29,ราชดำริ,45.089285714285715
ราชประสงค์,2023-05-29,เพลินจิต,45.157967032967036
ราชประสงค์,2024-06-21,พระรามที่ 1,3.9499889356052225
ราชประสงค์,2024-06-21,ราชดำริ,51.803496348749725
ราชประสงค์,2024-06-21,เพลินจิต,44.246514715645056
ราชประสงค์,2025-07-18,พระรามที่ 1,8.948591051408949
ราชประสงค์,2025-07-18,ราชดำริ,36.359963640036355
ราชประสงค์,2025-07-18,เพลินจิต,54.691445308554684
ราชเทวี,2023-02-01,พญาไท,52.3997296079315
ราชเทวี,2023-02-01,เพชรบุรี,47.6002703920685
ราชเทวี,2024-06-24,พญาไท,47.61724420879884
ราชเทวี,2024-06-24,เพชรบุรี,52.38275579120116
ราชเทวี,2025-09-08,พญาไท,62.10129518654553
ราชเทวี,2025-09-08,เพชรบุรี,37.89870481345447
รามคำแหง 24 - ถาวรธวัช,2024-11-11,ถาวรธวัช,47.45323741007194
รามคำแหง 24 - ถาวรธวัช,2024-11-11,รามคำแหง 24,52.54676258992805
รามคำแหง 24 - ถาวรธวัช,2025-09-24,ถาวรธวัช,37.149532710280376
รามคำแหง 24 - ถาวรธวัช,2025-09-24,รามคำแหง 24,62.850467289719624
ลาซาล,2023-05-16,สุขุมวิท,96.73234610206829
ลาซาล,2023-05-16,สุขุมวิท 105,3.2676538979317096
ลาซาล,2025-03-03,สุขุมวิท,94.884133215145
ลาซาล,2025-03-03,สุขุมวิท 105,5.115866784855008
ลาดปลาเค้า,2023-06-07,รามอินทรา,88.3106960950764
ลาดปลาเค้า,2023-06-07,ลาดปลาเค้า,11.6893039049236
ลาดปลาเค้า,2024-11-14,รามอินทรา,93.08666017526777
ลาดปลาเค้า,2024-11-14,ลาดปลาเค้า,6.91333982473223
ลำสาลี,2023-04-05,รามคำแหง,79.82462012182877
ลำสาลี,2023-04-05,ศรีนครินทร์,20.175379878171228
ลำสาลี,2025-11-27,รามคำแหง,60.53181523384017
ลำสาลี,2025-11-27,ศรีนครินทร์,39.46818476615983
วงเวียนใหญ่,2023-08-11,ประชาธิปก,25.87573798144504
วงเวียนใหญ่,2023-08-11,ลาดหญ้า,14.52909755411864
วงเวียนใหญ่,2023-08-11,สมเด็จพระเจ้าตากสิน,19.291537812763565
วงเวียนใหญ่,2023-08-11,อินทรพิทักษ์,40.30362665167276
วงเวียนใหญ่,2025-09-23,ประชาธิปก,32.41579394282479
วงเวียนใหญ่,2025-09-23,ลาดหญ้า,18.11491650155675
วงเวียนใหญ่,2025-09-23,สมเด็จพระเจ้าตากสิน,19.537220492499294
วงเวียนใหญ่,2025-09-23,อินทรพิทักษ์,29.932069063119158
วัดสน,2023-02-27,สุขสวัสดิ์,98.58709613674537
วัดสน,2023-02-27,สุขสวัสดิ์ 35,1.4129038632546191
วัดสน,2025-09-09,สุขสวัสดิ์,98.55101428999701
วัดสน,2025-09-09,สุขสวัสดิ์ 35,1.448985710002998
วิทยุ - เพชร,2024-08-26,วิทยุ - ทางขึ้นลงทางด่วน,58.41276641319482
วิทยุ - เพชร,2024-08-26,เพชรบุรี,41.41587233586805
วิทยุ - เพชร,2024-08-26,เพชรบุรี 37 - ทางลงทางด่วน,0.17136125093713184
วิทยุ - เพชร,2025-08-26,วิทยุ - ทางขึ้นลงทางด่วน,58.41276641319482
วิทยุ - เพชร,2025-08-26,เพชรบุรี,41.41587233586805
วิทยุ - เพชร,2025-08-26,เพชรบุรี 37 - ทางลงทางด่วน,0.17136125093713184
วิสุทธิกษัตริย์,2023-07-05,ประชาธิปไตย,21.271338724168913
วิสุทธิกษัตริย์,2023-07-05,วิสุทธิกษัตริย์,78.72866127583109
วิสุทธิกษัตริย์,2023-10-19,ประชาธิปไตย,19.624344432247835
วิสุทธิกษัตริย์,2023-10-19,วิสุทธิกษัตริย์,80.37565556775218
ศรีอยุธยา,2023-06-26,พระรามที่ 6,55.17740312028183
ศรีอยุธยา,2023-06-26,ศรีอยุธยา,44.82259687971817
ศรีอยุธยา,2025-12-19,พระรามที่ 6,48.70542256961407
ศรีอยุธยา,2025-12-19,ศรีอยุธยา,51.294577430385935
ศรีอุดม,2023-01-05,ศรีนครินทร์,67.88943756813956
ศรีอุดม,2023-01-05,อุดมสุข,32.11056243186045
ศรีอุดม,2024-11-09,ศรีนครินทร์,73.80923450789794
ศรีอุดม,2024-11-09,อุดมสุข,26.190765492102063
ศุลกากร,2023-07-27,สุนทรโกษา,33.48511772545535
ศุลกากร,2023-07-27,อาจณรงค์,22.52332296756997
ศุลกากร,2023-07-27,เกษมราษฎร์,43.99155930697468
ศุลกากร,2025-11-11,สุนทรโกษา,28.874340433847955
ศุลกากร,2025-11-11,อาจณรงค์,26.265389876880985
ศุลกากร,2025-11-11,เกษมราษฎร์,44.86026968927106
สวนหลวง,2023-11-06,ศรีนครินทร์,60.81287987751125
สวนหลวง,2023-11-06,อ่อนนุช,39.18712012248875
สวนหลวง,2024-12-09,ศรีนครินทร์,65.9157992853814
สวนหลวง,2024-12-09,อ่อนนุช,34.08420071461861
สะพานควาย,2023-05-22,ประดิพัทธ์,17.92814371257485
สะพานควาย,2023-05-22,พหลโยธิน,66.77844311377245
สะพานควาย,2023-05-22,สุทธิสาร,15.293413173652695
สะพานควาย,2025-09-10,ประดิพัทธ์,19.170224119530417
สะพานควาย,2025-09-10,พหลโยธิน,60.338847385272146
สะพานควาย,2025-09-10,สุทธิสาร,20.490928495197437
สะพานแดง,2023-12-22,ทหาร,23.496835443037973
สะพานแดง,2023-12-22,ประดิพัทธ์,21.4873417721519
สะพานแดง,2023-12-22,พระรามที่ 5,17.7373417721519
สะพานแดง,2023-12-22,เตชะวณิช,37.278481012658226
สะพานแดง,2024-03-19,ทหาร,25.279878971255677
สะพานแดง,2024-03-19,ประดิพัทธ์,13.555219364599091
สะพานแดง,2024-03-19,พระรามที่ 5,14.387291981845687
สะพานแดง,2024-03-19,เตชะวณิช,46.77760968229955
สาทร - คอนแวนต์,2024-04-23,คอนแวนต์,5.815831987075929
สาทร - คอนแวนต์,2024-04-23,สาทร,94.18416801292408
สาทร - คอนแวนต์,2024-11-04,คอนแวนต์,21.09389760060457
สาทร - คอนแวนต์,2024-11-04,สาทร,78.90610239939542
สาทร - นราธิวาส,2024-08-29,นราธิวาสราชนครินทร์,39.754987749387475
สาทร - นราธิวาส,2024-08-29,สาทร,60.245012250612525
สาทร - นราธิวาส,2025-08-29,นราธิวาสราชนครินทร์,39.754987749387475
สาทร - นราธิวาส,2025-08-29,สาทร,60.245012250612525
สาธุ - จันทน์,2023-10-18,จันทน์,39.741313720517375
สาธุ - จันทน์,2023-10-18,สาธุประดิษฐ์,60.25868627948263
สาธุ - จันทน์,2025-02-03,จันทน์,71.25144175317186
สาธุ - จันทน์,2025-02-03,สาธุประดิษฐ์,28.748558246828143
สามแยกบางกะปิ,2023-10-25,ลาดพร้าว,70.68062827225131
สามแยกบางกะปิ,2023-10-25,ศรีนครินทร์,29.31937172774869
สามแยกบางกะปิ,2024-08-18,ลาดพร้าว,65.5492803789397
สามแยกบางกะปิ,2024-08-18,ศรีนครินทร์,34.45071962106031
สามแยกบางกะปิ,2025-08-18,ลาดพร้าว,65.5492803789397
สามแยกบางกะปิ,2025-08-18,ศรีนครินทร์,34.45071962106031
สารสิน,2024-08-27,ร่วมฤดี,9.956799012548858
สารสิน,2024-08-27,วิทยุ,57.36473976548035
สารสิน,2024-08-27,สารสิน,32.67846122197079
สารสิน,2025-08-27,ร่วมฤดี,9.956799012548858
สารสิน,2025-08-27,วิทยุ,57.36473976548035
สารสิน,2025-08-27,สารสิน,32.67846122197079
สี่แยกลาดหญ้า,2023-04-07,ท่าดินแดง,58.87468030690537
สี่แยกลาดหญ้า,2023-04-07,อิสรภาพ,41.12531969309463
สี่แยกลาดหญ้า,2025-06-11,ท่าดินแดง,65.14806378132118
สี่แยกลาดหญ้า,2025-06-11,อิสรภาพ,34.851936218678816
สุขุมวิท 39,2023-06-14,สุขุมวิท,85.90604026845638
สุขุมวิท 39,2023-06-14,สุขุมวิท 39,14.093959731543624
สุขุมวิท 39,2025-04-29,สุขุมวิท,91.87074829931973
สุขุมวิท 39,2025-04-29,สุขุมวิท 39,8.129251700680271
สุขุมวิท 42,2023-09-12,สุขุมวิท,75.32777115613825
สุขุมวิท 42,2023-09-12,สุขุมวิท 42,24.672228843861742
สุขุมวิท 42,2024-01-26,สุขุมวิท,73.0970942593905
สุขุมวิท 42,2024-01-26,สุขุมวิท 42,26.902905740609494
สุรศักดิ์,2023-05-18,มเหสักข์,23.295238095238094
สุรศักดิ์,2023-05-18,สีลม,76.70476190476191
สุรศักดิ์,2025-12-12,มเหสักข์,24.695902688860436
สุรศักดิ์,2025-12-12,สีลม,75.30409731113956
สุโขทัย,2023-11-27,พระรามที่ 5,54.1970802919708
สุโขทัย,2023-11-27,สุโขทัย,45.8029197080292
สุโขทัย,2023-12-29,พระรามที่ 5,55.0763223287185
สุโขทัย,2023-12-29,สุโขทัย,44.9236776712815
หทัยราษฎร์ - สุวินทวงศ์,2023-09-13,สุวินทวงศ์,81.54226464327405
หทัยราษฎร์ - สุวินทวงศ์,2023-09-13,หทัยราษฎร์,18.457735356725948
หทัยราษฎร์ - สุวินทวงศ์,2024-10-30,สุวินทวงศ์,79.56822997194067
หทัยราษฎร์ - สุวินทวงศ์,2024-10-30,หทัยราษฎร์,20.431770028059326
หทัยราษฎร์ - หทัยมิตร,2023-07-24,หทัยมิตร,34.31069266980498
หทัยราษฎร์ - หทัยมิตร,2023-07-24,หทัยราษฎร์,65.68930733019502
หทัยราษฎร์ - หทัยมิตร,2025-07-18,หทัยมิตร,31.380563124432335
หทัยราษฎร์ - หทัยมิตร,2025-07-18,หทัยราษฎร์,68.61943687556766
หมอมี,2025-07-19,ทรงสวัสดิ์,14.840093603744151
หมอมี,2025-07-19,พระรามที่ 4,19.96879875195008
หมอมี,2025-07-19,เจริญกรุง,65.19110764430577
หมอมี,2025-12-29,ทรงสวัสดิ์,9.828349944629014
หมอมี,2025-12-29,พระรามที่ 4,37.818383167220375
หมอมี,2025-12-29,เจริญกรุง,52.35326688815061
หมอเหล็ง,2024-03-22,จตุรทิศ,36.79742921239313
หมอเหล็ง,2024-03-22,ราชปรารภ,28.88498150730613
หมอเหล็ง,2024-03-22,ศรีอยุธยา,34.31758928030073
หมอเหล็ง,2025-09-05,จตุรทิศ,36.23020750488034
หมอเหล็ง,2025-09-05,ราชปรารภ,27.344371339744058
หมอเหล็ง,2025-09-05,ศรีอยุธยา,36.4254211553756
หลักสี่,2023-07-25,กำแพงเพชร 6,30.51602702314216
หลักสี่,2023-07-25,แจ้งวัฒนะ,69.48397297685784
หลักสี่,2024-01-18,กำแพงเพชร 6,41.941586851129244
หลักสี่,2024-01-18,แจ้งวัฒนะ,58.058413148870756
หลังสวน,2024-03-29,สารสิน,42.91586073500967
หลังสวน,2024-03-29,หลังสวน,57.08413926499033
หลังสวน,2024-08-28,สารสิน,46.816638370118845
หลังสวน,2024-08-28,หลังสวน,53.183361629881155
หลังสวน,2025-08-28,สารสิน,46.816638370118845
หลังสวน,2025-08-28,หลังสวน,53.183361629881155
หัวลำโพง,2023-01-11,พระรามที่ 4,81.51762947331399
หัวลำโพง,2023-01-11,มหาพฤฒาราม,18.482370526686008
หัวลำโพง,2025-11-07,พระรามที่ 4,85.86677614697732
หัวลำโพง,2025-11-07,มหาพฤฒาราม,14.133223853022683
ห้วยขวาง,2023-03-28,ประชาราษฎร์บำเพ็ญ,13.357559050184825
ห้วยขวาง,2023-03-28,ประชาสงเคราะห์,6.039721821940981
ห้วยขวาง,2023-03-28,รัชดาภิเษก,80.6027191278742
ห้วยขวาง,2024-09-12,ประชาราษฎร์บำเพ็ญ,17.647446457990114
ห้วยขวาง,2024-09-12,ประชาสงเคราะห์,7.683690280065898
ห้วยขวาง,2024-09-12,รัชดาภิเษก,74.66886326194398
อุดมสุข,2023-11-02,สุขุมวิท,77.05416920267803
อุดมสุข,2023-11-02,สุขุมวิท 103,22.94583079732197
อุดมสุข,2025-04-24,สุขุมวิท,81.75175555133801
อุดมสุข,2025-04-24,สุขุมวิท 103,18.248244448661985
อุรุพงษ์,2023-09-15,พระรามที่ 6,48.004613610149946
อุรุพงษ์,2023-09-15,เพชรบุรี,51.99538638985006
อุรุพงษ์,2025-03-03,พระรามที่ 6,55.759275237273506
อุรุพงษ์,2025-03-03,เพชรบุรี,44.240724762726494
เกตุนุช,2025-07-25,ลาดพร้าว,92.83266279243034
เกตุนุช,2025-07-25,ลาดพร้าว 64,7.167337207569662
เกตุนุช,2025-07-31,ลาดพร้าว,94.52151755379388
เกตุนุช,2025-07-31,ลาดพร้าว 64,5.478482446206115
เกษตร,2024-04-04,งามวงศ์วาน,33.58589275244667
เกษตร,2024-04-04,ประเสริฐมนูกิจ,38.58747124881613
เกษตร,2024-04-04,พหลโยธิน,27.826635998737203
เกษตร,2025-12-24,งามวงศ์วาน,28.477665501935974
เกษตร,2025-12-24,ประเสริฐมนูกิจ,41.72254226083672
เกษตร,2025-12-24,พหลโยธิน,29.79979223722731
เกษมราษฎร์,2023-12-07,พระรามที่ 4,83.60009849790691
เกษมราษฎร์,2023-12-07,เกษมราษฎร์,16.39990150209308
เกษมราษฎร์,2024-07-17,พระรามที่ 4,82.66311275930003
เกษมราษฎร์,2024-07-17,เกษมราษฎร์,17.336887240699966
เกษมราษฎร์,2025-09-22,พระรามที่ 4,83.06721128852581
เกษมราษฎร์,2025-09-22,เกษมราษฎร์,16.932788711474192
เกียกกาย,2023-02-21,ทหาร,21.89724543484989
เกียกกาย,2023-02-21,ประชาราษฎร์สาย 1,60.925410089755495
เกียกกาย,2023-02-21,สามเสน,17.177344475394616
เกียกกาย,2025-01-02,ทหาร,21.840209561231173
เกียกกาย,2025-01-02,ประชาราษฎร์สาย 1,61.23117223313687
เกียกกาย,2025-01-02,สามเสน,16.928618205631956
เจริญราษฎร์,2023-03-02,พระรามที่ 3,84.1872193861861
เจริญราษฎร์,2023-03-02,เจริญราษฎร์,15.812780613813887
เจริญราษฎร์,2024-08-22,พระรามที่ 3,85.56215190648142
เจริญราษฎร์,2024-08-22,เจริญราษฎร์,14.437848093518577
เจริญราษฎร์,2025-08-22,พระรามที่ 3,85.56215190648142
เจริญราษฎร์,2025-08-22,เจริญราษฎร์,14.437848093518577
เจริญใจ,2024-11-27,เอกมัย,48.96565183450429
เจริญใจ,2024-11-27,เอกมัย 12,36.53395784543326
เจริญใจ,2024-11-27,เอกมัย 5,14.50039032006245
เจริญใจ,2025-10-06,เอกมัย,55.07646559048428
เจริญใจ,2025-10-06,เอกมัย 12,28.971962616822427
เจริญใจ,2025-10-06,เอกมัย 5,15.95157179269329
เพชรบุรี - ทองหล่อ,2023-06-06,ทองหล่อ,25.169599842689998
เพชรบุรี - ทองหล่อ,2023-06-06,เพชรบุรี,74.83040015731
เพชรบุรี - ทองหล่อ,2025-01-02,ทองหล่อ,33.32475222036298
เพชรบุรี - ทองหล่อ,2025-01-02,เพชรบุรี,66.67524777963702
เพชรเกษม 81,2023-08-17,เพชรเกษม,86.74653334591076
เพชรเกษม 81,2023-08-17,เพชรเกษม 81,13.253466654089237
เพชรเกษม 81,2025-03-03,เพชรเกษม,86.0571831980233
เพชรเกษม 81,2025-03-03,เพชรเกษม 81,13.942816801976704
เพลินจิต,2024-12-25,วิทยุ,25.368912936546973
เพลินจิต,2024-12-25,เพลินจิต,74.63108706345302
เพลินจิต,2025-01-02,วิทยุ,27.52312435765673
เพลินจิต,2025-01-02,เพลินจิต,72.47687564234326
เพลินจิต,2025-07-29,วิทยุ,29.595388296715246
เพลินจิต,2025-07-29,เพลินจิต,70.40461170328474
เย็นอากาศ,2023-07-26,จันทน์,33.03975842979366
เย็นอากาศ,2023-07-26,นางลิ้นจี่,61.92752893809763
เย็นอากาศ,2023-07-26,เย็นอากาศ,5.032712632108707
เย็นอากาศ,2024-05-13,จันทน์,20.85414585414585
เย็นอากาศ,2024-05-13,นางลิ้นจี่,66.70829170829171
เย็นอากาศ,2024-05-13,เย็นอากาศ,12.437562437562438
เลียบคลองภาษีเจริญฝั่งเหนือ - เพชรเกษม 81,2023-03-31,เพชรเกษม 81,60.583792610736886
เลียบคลองภาษีเจริญฝั่งเหนือ - เพชรเกษม 81,2023-03-31,เลียบคลองภาษีเจริญฝั่งเหนือ,39.416207389263114
เลียบคลองภาษีเจริญฝั่งเหนือ - เพชรเกษม 81,2023-12-06,เพชรเกษม 81,57.73153814769481
เลียบคลองภาษีเจริญฝั่งเหนือ - เพชรเกษม 81,2023-12-06,เลียบคลองภาษีเจริญฝั่งเหนือ,42.26846185230519
แปลงนาม,2023-09-29,พลับพลาไชย,6.885813148788928
แปลงนาม,2023-09-29,เจริญกรุง,88.4083044982699
แปลงนาม,2023-09-29,แปลงนาม,4.705882352941177
แปลงนาม,2025-11-05,พลับพลาไชย,5.487804878048781
แปลงนาม,2025-11-05,เจริญกรุง,88.89183457051962
แปลงนาม,2025-11-05,แปลงนาม,5.620360551431601
โพธิ์สามต้น,2023-09-06,วังเดิม,17.531219980787704
โพธิ์สามต้น,2023-09-06,อิสรภาพ,82.46878001921229
โพธิ์สามต้น,2024-11-12,วังเดิม,16.694214876033058
โพธิ์สามต้น,2024-11-12,อิสรภาพ,83.30578512396694
ใต้ด่วนพระราม 4,2024-08-21,ทางพิเศษเฉลิมมหานคร,14.931588340273647
ใต้ด่วนพระราม 4,2024-08-21,พระรามที่ 4,63.890541344437835
ใต้ด่วนพระราม 4,2024-08-21,เชื้อเพลิง,21.17787031528852
ใต้ด่วนพระราม 4,2025-08-21,ทางพิเศษเฉลิมมหานคร,14.931588340273647
ใต้ด่วนพระราม 4,2025-08-21,พระรามที่ 4,63.890541344437835
ใต้ด่วนพระราม 4,2025-08-21,เชื้อเพลิง,21.17787031528852
