intersection_key,road_key,passenger_car_share,pickup_van_share,large_bus_share,small_bus_share,truck_share,tuk_tuk_share,visits,code
ห้วยขวาง,รัชดาภิเษก,83.54343142715203,14.656307486923177,1.0442600876026005,0.0029417821316153323,0.5084722476922273,0.24458696849833747,3,V01
ราชเทวี,พญาไท,82.83441538554938,13.904522790773578,1.301599704865337,0.025545033599016803,0.6319108384443485,1.302006246768352,3,V02
ราชประสงค์,เพลินจิต,82.64504238049513,14.834242336990442,1.190448720388882,0.05639643728415577,0.2893638281300381,0.9845062967113479,3,V03
วิทยุ - เพชร,วิทยุ - ทางขึ้นลงทางด่วน,81.27920935126606,15.53333922848541,1.717192940042283,0.0182807466443335,0.7557855953180675,0.6961921382438484,3,V04
พญาไท,พญาไท,80.81528782708453,15.528979288731435,1.9801273802241723,0.1398122596814149,0.6239090451680459,0.9118841991103995,3,V05
บรมราชชนนี,จรัญสนิทวงศ์,79.76441471806287,16.456858109557235,1.6847293092177287,0.046182747468795554,0.6418539441833575,1.4059611715100282,3,V06
เพลินจิต,วิทยุ,79.60990898733553,17.404163325478105,1.1033100289176598,0.02469749796368009,1.0731932263884396,0.7847269339165855,3,V07
ปทุมวัน,พญาไท,79.51557527150672,14.582465728913434,3.1411841772096043,0.03450679405959129,0.5962537867887024,2.130014241521945,3,V08
เพลินจิต,เพลินจิต,79.28795073222193,17.774155911162133,1.4429133144318118,0.11381262425784322,0.3282671839653006,1.052900233960978,3,V09
ราชประสงค์,ราชดำริ,78.93805125016823,15.999805366959329,2.780424842558736,0.5625878960474061,0.4595600131103703,1.2595706311559314,3,V10
ราชเทวี,เพชรบุรี,78.04492665178037,17.111455922336834,2.1488642243558043,0.13966175361624758,0.33107369483629406,2.2240177530744556,3,V11
พญาไท,ศรีอยุธยา,77.4961606682271,20.58989904880812,0.5907308684644313,0.034040610367311645,0.5678344041503955,0.7213343999826322,3,V12
ทองหล่อ,สุขุมวิท 55,77.44203154605118,20.960540744602355,0.22573704093157299,0.0,0.894079452252011,0.4776112161628781,3,V13
เกษมราษฎร์,พระรามที่ 4,76.72921081534194,19.778102666513174,1.2055418616672964,0.0,0.9612397334686644,1.3259049230089326,3,V14
ปทุมวัน,พระรามที่ 1,76.55403322128095,16.522065585056918,3.996072288774908,0.02150537634408602,0.4917311585559378,2.4145923699872,3,V15
เจริญราษฎร์,พระรามที่ 3,76.42172572936151,20.512746494045235,0.8406355186655842,0.004768717215069147,1.7873784792335046,0.432745061479105,3,V16
เกษมราษฎร์,เกษมราษฎร์,76.14227652927343,20.87543496212227,0.9668689235252703,0.0,1.0328439895003363,0.9825755955786916,3,V17
นิด้า,ศรีบูรพา,75.93466921618949,21.65713075689746,1.7924712612304807,0.0,0.4235308817820555,0.19219788390051798,3,V18
หลังสวน,หลังสวน,75.72329867304774,22.260250395521172,0.1379155084975221,0.0,0.2584450995431098,1.6200903233904589,3,V19
บรมราชชนนี,บรมราชชนนี,75.68105949886349,20.186187424504354,2.21540771663372,0.3746411013220307,0.5639430346014639,0.978761224074946,3,V20
เจริญราษฎร์,เจริญราษฎร์,75.51384951673724,21.723012743029432,0.4345432448434779,0.012965123816932453,1.4605247703939226,0.8551046011789962,3,V21
สายน้ำผึ้ง,สุขุมวิท,75.36658390525383,20.98868926554423,2.3100205682960495,0.0966370373630853,0.4468760299043563,0.7911931936384411,3,V22
พระโขนง,สุขุมวิท,75.16910734243739,19.75899260983152,2.1129063195203197,0.45970673505312637,1.5969510918318115,0.9023359013258373,3,V23
หลังสวน,สารสิน,74.82277527358166,19.900297524038155,2.6576770991619103,0.0,1.2945147463809754,1.3247353568373068,3,V24
คลองสาน,ลาดหญ้า,74.4382090495607,15.437929550077394,2.5117851241895868,0.04967551914959823,0.9237467500737385,6.638654006948985,3,V25
คลองสาน,สมเด็จเจ้าพระยา,74.20312467288183,17.47781586506383,2.4227418668293117,0.2189024547868644,0.9383905145928196,4.739024625845344,3,V26
วิทยุ - เพชร,เพชรบุรี,74.00211699263772,20.593033924043464,3.7976154302379075,0.0,1.020985292089695,0.5862483609912185,3,V27
คลองสาน,เจริญนคร,73.94505464413116,14.679896258417237,2.9998373096378983,0.0,0.6091639357211102,7.76604785209259,3,V28
ทองหล่อ,สุขุมวิท,73.5894139188444,21.488982715531233,2.274354076696921,0.22891779394327127,1.017467170909027,1.400864324075138,3,V29
นิด้า,เสรีไทย,73.58686405088811,22.85296986917498,2.18200157032734,0.3835391436647999,0.5878666722610143,0.406758693683756,3,V30
ห้วยขวาง,ประชาราษฎร์บำเพ็ญ,72.94169676949845,22.796187241072953,1.0640419587890029,0.10031527658354829,1.084961977468293,2.0127967765877433,3,V31
พระรามที่ 2,พระรามที่ 2,72.4565698090878,22.34756610296179,2.1525429007443395,0.02886002886002886,2.8606932635709614,0.15376789477508904,3,V32
ราชประสงค์,พระรามที่ 1,67.65744068269218,21.860634587560472,6.956500952631501,0.18674136321195145,0.45296862691069917,2.8857137869931937,3,V33
พระรามที่ 2,สุขสวัสดิ์,66.34209906535739,26.715022098891012,2.9731542239157243,0.2356334465394002,2.1251091958931743,1.6089819694033034,3,V34
สามแยกบางกะปิ,ลาดพร้าว,66.02647372091444,25.440329060347846,5.395675332613479,1.0101208017036096,0.509317531545717,1.6180835528749118,3,V35
พระโขนง,พระรามที่ 4,65.23517146141705,28.87567523045375,2.2908619135555766,0.0,2.743862553136273,0.8544288414373412,3,V36
สามแยกบางกะปิ,ศรีนครินทร์,63.984833525671256,27.03381066133851,5.594927662707892,0.47569986254134394,1.7898063508851452,1.1209219368558525,3,V37
นิคมอุตสาหกรรมลาดกระบัง,ฉลองกรุง,60.03530902254832,31.0462247723579,0.7554806862666555,0.0789088910750554,8.05380014422291,0.03027648352916701,3,V38
หน้าโรงเรียนสุเหร่าแสนแสบ,ประชาร่วมใจ,54.59454285222861,42.580932153525204,0.49394707569605006,0.06494467675683675,2.1370505052367834,0.1285827365565231,3,V39
นิคมอุตสาหกรรมลาดกระบัง,ฉลองกรุง 31,36.66250971987892,45.197546943683086,2.704006359780083,0.0,15.435936976657915,0.0,3,V40
เตาปูน,ประชาราษฎร์,86.35217056441456,10.00866659562238,1.546313205195275,0.0,0.31484526877345265,1.7780043659943292,2,V41
ด่วนเพลินจิต,ทางขึ้นลงทางด่วน,85.36446308266387,14.418144310549632,0.05983623385630477,0.0,0.15755637293019242,0.0,2,V42
สาทร - นราธิวาส,สาทร,84.87102021845224,13.757843365094121,0.6739484080873809,0.023239600278875203,0.4880316058563793,0.18591680223100163,2,V43
ใต้ด่วนพระราม 4,ทางพิเศษเฉลิมมหานคร,84.72775564409031,15.139442231075698,0.04426737494466578,0.04426737494466578,0.04426737494466578,0.0,2,V44
ตึกชัย,พระรามที่ 6,84.66411109717386,12.654772075475126,1.4273684382685699,0.29205525608151295,0.1897560082194808,0.7719371247814539,2,V45
เกียกกาย,ประชาราษฎร์สาย 1,84.53430636807798,13.629490681441258,1.0461051670766444,0.0,0.566169848917238,0.22392793448688503,2,V46
สะพานดำ,พระรามที่ 6,84.18750416381744,13.157467492307795,0.6137999064083149,0.36527106437126555,0.6650141417335265,1.01094323136166,2,V47
จักรพรรดิพงษ์,นครสวรรค์,84.03579176146827,13.779630439411477,0.8158775665489155,0.10787486515641855,0.6082703665847644,0.6525550008301506,2,V48
สะพานดำ,กำแพงเพชร,83.22504125412541,14.880550555055505,0.2285384788478848,0.0,0.8157065706570658,0.8501631413141314,2,V49
ยมราช,พิษณุโลก,82.80915494171904,14.476161015312291,0.9064376290423053,0.0281478701444924,0.362862652136552,1.4172358916453174,2,V50
เจริญใจ,เอกมัย 12,82.80345326716295,15.221695866857157,0.0,0.0,0.6671867558964333,1.307664110083465,2,V51
ใต้ด่วนพระราม 4,เชื้อเพลิง,82.77153558052434,15.0749063670412,1.0611735330836454,0.0,0.9363295880149813,0.1560549313358302,2,V52
การเรือน,นครราชสีมา,82.62762916806508,12.663015038946455,3.1126503758373896,0.508415167742694,0.4507332975652528,0.6375569518431333,2,V53
ศรีอยุธยา,ศรีอยุธยา,82.60701754385966,15.457142857142856,0.9494569757727653,0.050960735171261484,0.47827903091060986,0.45714285714285713,2,V54
ปากซอยสองพระ,สี่พระยา,82.59940054746775,12.104983992210055,1.5041213120715582,0.7320380135060831,0.39458027087714237,2.6648758638674077,2,V55
นานา,สุขุมวิท,82.53170027952928,14.472547538815471,1.6623363929201935,0.06035353163038356,0.39136282397191496,0.8816994331327647,2,V56
บางรัก,สีลม,82.47454154075423,14.286725662051655,1.4214776819818837,0.211118930330753,0.4802626379705487,1.1258735469109273,2,V57
ผ่านฟ้าลีลาศ,ราชดำเนินกลาง,82.36627634484586,14.673126531786217,1.678353989134443,0.008976660682226212,0.3450534802211692,0.9282129933300971,2,V58
กำแพงเพชร,กำแพงเพชร,82.2414987758887,13.588286074368083,2.141419555657934,0.511323029535192,0.7740030654463945,0.7434694991036965,2,V59
สารสิน,ร่วมฤดี,82.23140495867769,16.528925619834713,0.0,0.10330578512396695,0.4132231404958678,0.7231404958677686,2,V60
ค.ป.อ.,จันทรุเบกษา,82.15366508376897,17.14394137011667,0.1178557646852795,0.052942725531531294,0.505967271638884,0.025627784258655032,2,V61
นานา,สุขุมวิท 4,82.12315132730357,15.115028523333024,0.0,0.0,0.27955538336161173,2.4822647660017902,2,V62
สาทร - คอนแวนต์,คอนแวนต์,82.08510837821183,16.381415519346554,0.022391401701746527,0.0,0.17401181194284643,1.3370728887970267,2,V63
ศิริราช,อรุณอมรินทร์,81.98742509087336,13.874618021623466,1.5819592452986284,0.0,0.2609345349817219,2.2950631072228167,2,V64
พระราม 9,รัชดาภิเษก,81.91830953283626,16.360522924457797,1.110393429783463,0.006476683937823834,0.38775269013484603,0.21654473884980646,2,V65
พัฒนาการ 25,พัฒนาการ,81.91152375750956,16.581103222282906,0.6116876024030584,0.010922992900054615,0.8192244675040962,0.06553795740032768,2,V66
ทุ่งสาธิต,สุขุมวิท 101/1,81.81547022553377,17.285047334976007,0.03566333808844508,0.0,0.23095695641409558,0.6328621449876799,2,V67
ค.ป.อ.,ธูปเตมีย์,81.78143000581304,17.85603141889143,0.15939702168101472,0.0,0.13542770240968202,0.06771385120484101,2,V68
ลาดปลาเค้า,ลาดปลาเค้า,81.77874436159439,17.10661572923379,0.24023954913212026,0.0,0.83808953941514,0.03631082062454612,2,V69
ปากซอยประชาชื่น 37,ประชาชื่น,81.39520440010273,17.05513323894498,0.8564405097600651,0.052119527449617786,0.401734195787887,0.2393681279547188,2,V70
สุโขทัย,พระรามที่ 5,81.29674208334644,15.957074052734166,0.7478733335431154,0.014029180695847365,0.7380126686711712,1.2462686810092547,2,V71
สารสิน,สารสิน,81.2401636764243,15.265974189486936,0.09442870632672333,0.0,1.4793830657853322,1.9200503619767075,2,V72
จักรพรรดิพงษ์,จักรพรรดิพงษ์,81.03278007245687,16.744305071769524,0.905605150232746,0.0,0.46248358299864856,0.8548261225422082,2,V73
อุรุพงษ์,เพชรบุรี,80.94846931204593,13.683245964953722,3.485448193225947,0.03437196216964304,0.4098641979421239,1.43860036966263,2,V74
สะพานแดง,เตชะวณิช,80.92841046613529,16.035686595782533,2.1596891699264438,0.016170763260025874,0.42647985820244805,0.43356314669325735,2,V75
สารสิน,วิทยุ,80.76026537565,15.95840057378519,1.1117088040164964,0.14344629729245115,0.6455083378160301,1.3806706114398422,2,V76
สาทร - คอนแวนต์,สาทร,80.71644940897656,17.156046892284465,0.8004247592780918,0.017957620016760444,0.5585446134429778,0.7505767060011496,2,V77
สุโขทัย,สุโขทัย,80.6787337676818,15.596425046554202,1.666034400525122,0.8219000725663131,0.5816848502211357,0.6552218624514191,2,V78
วิสุทธิกษัตริย์,วิสุทธิกษัตริย์,80.5188447459623,18.69523052911622,0.17041555635889766,0.0,0.22884065469013484,0.3866685138724432,2,V79
รัชดา - สุทธิสาร,รัชดาภิเษก,80.4294637935657,17.205946185976376,1.108098175523438,0.0,1.0695912662926457,0.18690057864183407,2,V80
หลักสี่,แจ้งวัฒนะ,80.4189351226504,17.617963222152657,0.6068985217573755,0.0814663951120163,1.2028132365196624,0.07192350180788323,2,V81
บางพลัด,จรัญสนิทวงศ์,80.28092797764742,16.803621673960784,1.2107924182550305,0.04946624754939745,0.3965862923615229,1.2586053902258445,2,V82
อุรุพงษ์,พระรามที่ 6,80.19974247365947,17.1066797908435,0.4782702855437936,0.01934235976789168,0.4243235983295488,1.7716414918557915,2,V83
เตาปูน,ประชาราษฎร์สาย 2,80.01069742385887,15.807004020567085,1.2720189553533106,0.018996960486322188,0.7775176721004178,2.113764967633997,2,V84
กำแพงเพชร,พหลโยธิน 18,79.93790656416323,15.82307402827805,0.0,0.0,0.0,4.239019407558733,2,V85
หมอเหล็ง,จตุรทิศ,79.82751014171853,18.718274401687847,0.11058058167566039,0.01647717910693689,0.6106683931041279,0.7164893027068904,2,V86
พัฒนาการ - พัฒนาการ 53,พัฒนาการ,79.69661632936275,18.6204580000604,0.3283677719045331,0.0,1.2513772867728727,0.10318061189943983,2,V87
พงษ์เพชร,ประชาชื่น,79.67582917567711,18.794153910972177,0.9730867237207363,0.009771350400625366,0.39081723281934355,0.15634160641000586,2,V88
รัชดา - สุทธิสาร,สุทธิสารวินิจฉัย,79.64517496508017,19.313660308920973,0.0,0.0,0.485853151729929,0.5553115742689203,2,V89
พรานนก,พรานนก,79.63725905592051,15.4653340999213,1.2389057796971816,0.0,0.4263525416432109,3.232148522817795,2,V90
ยมราช,เพชรบุรี,79.63592716093612,16.413006260366927,1.8502854242440123,0.0509536265981209,0.4139115342446952,1.6359159936101282,2,V91
หลักสี่,กำแพงเพชร 6,79.54549770453454,19.70670151618512,0.08939241443977987,0.0,0.5502782698281777,0.10813009501239064,2,V92
ราชดำริ,สารสิน,79.51918631530282,18.007397133610727,0.9297785996815122,0.0,0.41608876560332875,1.127549185801613,2,V93
กำแพงเพชร,พหลโยธิน,79.51809370392084,15.50820732279799,3.5301129955608195,0.24289857669615084,0.5126533212046367,0.6880340798195499,2,V94
นเรศ,สี่พระยา,79.47227703710206,14.140505078844608,2.172269278554329,0.652580069779908,0.8478499157270203,2.7145186199920794,2,V95
เพชรบุรี - ทองหล่อ,ทองหล่อ,79.4669832102163,19.138799367516416,0.13540610515643103,0.019312475859405175,0.910530429219776,0.32896841203167243,2,V96
พหลโยธิน - เทพรักษ์,เทพรักษ์,79.4587846758399,18.977237591423478,0.03025142565059701,0.0,1.3972413709597558,0.13648493612626938,2,V97
พัฒนาการ 25,พัฒนาการ 25,79.41546197360151,19.893148962916403,0.09428032683846638,0.0,0.47140163419233183,0.1257071024512885,2,V98
เกียกกาย,สามเสน,79.39149981703173,16.569083590360187,2.5734922543433183,0.0,1.0923205604056667,0.37360377785909704,2,V99
มิตรสัมพันธ์,เพชรบุรี,79.34969986660411,17.58451238930855,1.5276066229071315,0.0059730020308206904,0.7022060729996846,0.8300020461496955,2,V100
หัวลำโพง,มหาพฤฒาราม,79.28277664803103,17.269215541169423,1.2069115625952251,0.02378686964795433,0.647289609715684,1.5700197688406863,2,V101
สะพานแดง,ทหาร,79.22444069661304,17.43140561812016,1.9862297420645714,0.0,0.6584093478168882,0.6995145953853315,2,V102
หัวลำโพง,พระรามที่ 4,79.16689025358637,17.14000866361172,1.632716781819195,0.035276020663221934,0.27068242612999754,1.754425854189491,2,V103
วงเวียนใหญ่,อินทรพิทักษ์,79.14278854272206,12.949383654170887,2.244052236364404,0.10463169642857142,0.5896445457615671,4.969499324552516,2,V104
ไฟฉาย,จรัญสนิทวงศ์,79.11007874299817,17.32312555298144,1.939101168685144,0.0,0.6209092178456812,1.0067853174895682,2,V105
ลาดพร้าว,วิภาวดีรังสิต,79.1016089594531,18.79917696543795,0.9817899876827674,0.14850480865181323,0.8335437134384505,0.13537556533591824,2,V106
แปลงนาม,เจริญกรุง,78.85234649812682,15.488889524408728,1.5758940061854236,0.6654028900718637,0.1770649060951346,3.240402175112044,2,V107
สะพานควาย,พหลโยธิน,78.77984982542597,14.40910295568862,5.16718749157423,0.115954450566862,0.415045482502789,1.112859794241516,2,V108
ปากซอยคู้บอน 44,คู้บอน,78.66504736474869,20.4163178641884,0.15291493198795084,0.01751006828926633,0.7482097707856925,0.0,2,V109
ผ่องพลอย,ลาซาล,78.63893689923262,19.904537604607,0.07979395351009548,0.027122321670735017,0.9809077981040429,0.3687014228755232,2,V110
บรมราชชนนี,สมเด็จพระปิ่นเกล้า,78.6204157231887,16.732533400830487,2.86249221844451,0.018496158818982207,0.5938609512994343,1.1722015474178917,2,V111
สุรศักดิ์,มเหสักข์,78.55697320052207,19.27134862213706,0.34948007221704963,0.07328748140654734,0.9273012560615848,0.8216093676556855,2,V112
ศรีอยุธยา,พระรามที่ 6,78.54938756908433,17.91155399082132,1.7866496155513245,0.0725678727361349,0.5972969644310883,1.0825439873758014,2,V113
บุคคโล,เจริญนคร,78.47738672228421,19.069079561490334,0.8369848737894812,0.045780525743354006,0.7278347434147487,0.8429335732778707,2,V114
เพชรบุรี - ทองหล่อ,เพชรบุรี,78.41991549520127,18.3201094838856,1.8023927976628014,0.03593026553215753,1.1639739576278796,0.25767800009029806,2,V115
พระราม 9,พระราม 9,78.38532079176244,19.470541139443505,1.0270935120593798,0.03271537622682661,0.9040129724708514,0.1803162080369881,2,V116
จันทน์ - เจริญราษฎร์,เจริญราษฎร์,78.36755480372047,20.121701595379076,0.16771410855902935,0.0,0.9266629865477947,0.4163665057936271,2,V117
ท่าพระ,เพชรเกษม,78.35266144376828,18.098472225119803,1.8474574426302075,0.01466275659824047,0.4694319546199853,1.2173141772634901,2,V118
หมอเหล็ง,ศรีอยุธยา,78.27461469510169,19.614400520706937,0.6089970640096398,0.0916111755604403,0.5991812051728419,0.8111953394484603,2,V119
ยมราช,สวรรคโลก,78.23374485596707,17.23292181069959,2.474074074074074,0.0,0.4740740740740741,1.585185185185185,2,V120
บุคคโล,มไหสวรรย์,78.18450019344414,17.326253024935326,1.9341607179432716,0.01156871818602499,0.8182333113338036,1.7252840341574305,2,V121
ใต้ด่วนพระราม 4,พระรามที่ 4,78.07779846885992,18.735774881026277,1.16904614111318,0.12414649286157665,0.8793709911028347,1.0138630250362093,2,V122
นาหลวง,หมู่บ้านสินทวี,78.06611059623108,21.506538976418497,0.0,0.0,0.4273504273504274,0.0,2,V123
เกตุนุช,ลาดพร้าว,77.94674153937802,18.24159791488522,2.6695291639852288,0.0,0.8222459842140348,0.31988539753750866,2,V124
ผ่านฟ้าลีลาศ,ปรินายก,77.8918918918919,13.405405405405405,0.0,0.0,0.0,8.702702702702702,2,V125
เกษตร,ประเสริฐมนูกิจ,77.77605998326791,20.322566359601197,0.3456311900125522,0.0,1.3996251045755908,0.1561173625427535,2,V126
เย็นอากาศ,จันทน์,77.64309917864196,18.06317296860962,0.582247538434175,0.0,2.1714225775410334,1.5400577367732167,2,V127
รามคำแหง 24 - ถาวรธวัช,รามคำแหง 24,77.63802760891488,21.106335898963657,0.07541713547894405,0.0,0.9602338609818344,0.21998549566068715,2,V128
สาทร - นราธิวาส,นราธิวาสราชนครินทร์,77.60169043845747,19.862651875330165,1.0036978341257263,0.035217467864060575,0.369783412572636,1.1269589716499384,2,V129
สุรศักดิ์,สีลม,77.58591515770146,17.917085707605438,2.7829657780227883,0.2642102049212449,0.4040421100187972,1.045781041730276,2,V130
อโศกมนตรี,สุขุมวิท,77.5407442219574,18.713961142501397,1.7133078269025575,0.05712386350639958,0.7279016646294098,1.2469612805028318,2,V131
เกษตร,พหลโยธิน,77.53546648888373,18.894310492317828,2.541136915375305,0.031871751799679854,0.5513719324674805,0.4458424191559745,2,V132
พัฒนาการ - พัฒนาการ 53,พัฒนาการ 53,77.50386377711956,21.97550444090671,0.15463120457708365,0.0,0.35826901716780263,0.007731560228854182,2,V133
กษัตริย์ศึก,บำรุงเมือง,77.41643573772802,15.798563900171555,1.9845410701002417,0.06846635367762129,0.3781940973316317,4.353798840990918,2,V134
สะพานควาย,สุทธิสาร,77.28073610023492,16.513822272252675,1.173251517227878,0.6845114281519186,0.5996007080396764,3.748077974092926,2,V135
ผ่านฟ้าลีลาศ,นครสวรรค์,77.19298245614034,20.175438596491226,0.8771929824561403,0.0,0.0,1.7543859649122806,2,V136
บางขุนนนท์,จรัญสนิทวงศ์,77.181748686649,18.02078891868351,2.226543594841123,0.14292707530657517,0.9049903540024966,1.5230013705172922,2,V137
ใต้ด่วนดินแดง,วิภาวดีรังสิต,77.1322270742358,19.830684133915575,1.330642083131166,0.05981562348374575,1.2383503153808832,0.40828076985282225,2,V138
มิตรไมตรี - มิตรไมตรี 2,มิตรไมตรี 2,77.06228374981393,20.048914502610714,1.0344894790304733,0.15396458814472672,1.135682049348641,0.564665631051519,2,V139
โพธิ์สามต้น,อิสรภาพ,77.03663973840361,16.255470835198764,1.2791832904779072,0.02834467120181406,0.3735239970575689,5.026837467660331,2,V140
ประชาอุทิศ,ประชาอุทิศ,77.03330711650972,18.671105601161717,0.6771710218787876,0.0,1.3981366690869117,2.2202795913628726,2,V141
รามคำแหง 24 - ถาวรธวัช,ถาวรธวัช,77.02883267033066,22.47939267344968,0.030321406913280776,0.0,0.29598863254480723,0.16546461676157204,2,V142
อ่อนนุช,สุขุมวิท 77,76.91847448181079,19.516673357926493,0.3641356388866832,0.08747492632811613,1.357849565142321,1.7553920299056025,2,V143
สวนมิกสกวัน,พิษณุโลก,76.9000596002495,19.663620566721463,1.6933988166407785,0.06887969412728343,0.32533611294221243,1.3487052093187497,2,V144
บางรัก,เจริญกรุง,76.86828549816265,16.685920894446028,2.5288398189733496,1.3323505270101548,0.38169609856852305,2.202907162839299,2,V145
จันทิมา,ลาดพร้าว,76.86232426219257,19.42632079439709,2.8243964648220388,0.01646723021187836,0.7660216714352986,0.10446957694112446,2,V146
ใต้ด่วนดินแดง,ดินแดง,76.78065239357075,18.95928222453258,2.1714339293765543,0.3082528531208256,0.7695327905064087,1.01084580889288,2,V147
จันทน์ - นราธิวาส,จันทน์,76.70134661928293,18.142058647481846,0.8777459380213921,0.0,1.7355398188121876,2.543308976401632,2,V148
การเรือน,ราชวิถี,76.66874436785942,16.13610795026724,5.72479156549953,0.025025025025025023,1.0189795588025676,0.4263515325462228,2,V149
ผ่องพลอย,ลาซาล 55,76.62571527412516,22.471477285964916,0.1998001998001998,0.0,0.5205483562374023,0.18245888387231143,2,V150
เพชรบุรี - ชิดลม,เพชรบุรี,76.62453531598513,19.063197026022305,2.869888475836431,0.0,0.7881040892193307,0.654275092936803,2,V151
ถนนตก,พระรามที่ 3,76.48407963328785,19.79646403173289,1.5951778880800016,0.06598240469208211,0.9266449332466843,1.1316511089604862,2,V152
กรุงธนบุรีใต้,กรุงธนบุรี,76.3867405239688,21.851832497212932,0.8787973801560758,0.033967391304347824,0.4300794314381271,0.4185827759197325,2,V153
ประตูน้ำ,ราชดำริ,76.37496145544249,17.546253469010175,2.6310514955288316,0.2383595436324391,0.2802960222016651,2.9290780141843973,2,V154
พงษ์เพชร,งามวงศ์วาน,76.35809397592408,21.517517479250028,0.9838409324532116,0.011823873724630663,1.0710791684719356,0.057644570176109286,2,V155
สะพานควาย,ประดิพัทธ์,76.34768493144954,18.039488859416814,2.409063080928733,0.033400133600534405,0.4021961808097754,2.768166813794604,2,V156
เจริญใจ,เอกมัย,76.34314385681657,20.590094710334736,0.509096677337597,0.0,0.9519528386585768,1.6057119168525127,2,V157
อุดมสุข,สุขุมวิท 103,76.29965888290704,22.623291138542093,0.3432551095147254,0.0,0.31463327498617183,0.4191615940499689,2,V158
หมอมี,พระรามที่ 4,76.29834198846999,18.75865037060761,0.5857230280014641,0.036603221083455345,0.7932604319180088,3.527420959919473,2,V159
สุขุมวิท 39,สุขุมวิท 39,76.2080095636581,21.668659095437338,0.0,0.0,0.39031679617453674,1.7330145447300258,2,V160
บางพลัด,สิรินธร,76.16438769163413,20.98619768915012,0.8999815829367548,0.07734183445747331,1.352743126535711,0.5193480752858085,2,V161
ไฟฉาย,พรานนก,76.10320493164318,19.772423528867236,2.0837190398222667,0.14984697095051577,0.4051726132964598,1.4856329154203527,2,V162
บ้านแขก,ประชาธิปก,76.056662486108,17.357449958508354,2.917837931290774,0.4872648837306762,0.3600593761987347,2.820725364163457,2,V163
นวมินทร์ - แฮปปี้แลนด์,แฮปปี้แลนด์,75.98094277226613,22.771733647217086,0.8501205089400818,0.0,0.3182557031556527,0.07894736842105263,2,V164
พาหุรัด,พาหุรัด,75.88223011067029,16.85111714345375,1.3781582793902694,0.5846732094382961,0.2505742326164126,5.053247024430988,2,V165
มิตรไมตรี - มิตรไมตรี 2,มิตรไมตรี,75.80927881872543,22.198550146301933,0.17018379850238255,0.35414559568411846,0.9741045066302791,0.49373713415586284,2,V166
คลองเตย,สุนทรโกษา,75.6994057264252,19.87545052605578,2.3826246002624236,0.35605142309318283,1.001161846920622,0.6853058772427951,2,V167
พงษ์พระราม,พระรามที่ 1,75.48093391246374,17.49399713771994,1.6602990624852645,0.007671064743786438,0.4521835908228984,4.90491523176437,2,V168
ผ่องพลอย,ลาซาล 46,75.46708824374821,22.128006132030276,0.0,0.0,2.064769569799751,0.3401360544217687,2,V169
ประชาเกษม,ประชาธิปไตย,75.43788235549718,19.878942692475086,2.0795915680089356,0.6061393327061227,0.3539099588495916,1.6435340924630883,2,V170
สวนหลวง,ศรีนครินทร์,75.37633780993045,22.07088231041515,1.2366946354864035,0.1046976407549019,1.102875207184018,0.10851239622907599,2,V171
วงเวียนใหญ่,ประชาธิปก,75.34756108146938,17.32252029028693,2.756724034736755,0.6313063395744625,0.41430834860957066,3.527579905322904,2,V172
สะพานแดง,ประดิพัทธ์,75.3273425994109,19.295954528718703,3.5420885493372607,0.0,1.2230762150220913,0.6115381075110456,2,V173
ราชดำริ,ราชดำริ,75.27348541864481,19.00474840205066,2.203514171585842,0.5963245114180568,1.0428284534510222,1.8790990428496113,2,V174
สีลม - นราธิวาส,สีลม,75.27270813042679,19.70000003474675,2.8115263309134537,0.19210435699922898,0.30157746770550187,1.7220836792082745,2,V175
ทุ่งสาธิต,สุขุมวิท,75.2296843493871,19.5613400712499,3.134798989458635,0.14917003091255943,1.5588619376609745,0.36614462133082765,2,V176
ประชาเกษม,กรุงเกษม,75.19840404080472,16.59853758834302,2.558658442253912,0.041981528127623846,0.8265733156151451,4.775845084855577,2,V177
อโศกมนตรี,รัชดาภิเษก,75.15337944165964,22.633273194566414,0.9563005970729366,0.04113533525298231,0.5848090940143028,0.631102337433725,2,V178
ประชาเกษม,นครราชสีมา,75.04023473188559,17.587848759575515,3.360742146320894,2.416543678403261,0.18746925293414857,1.407161430880596,2,V179
ตึกชัย,ราชวิถี,74.96546112168582,20.03918790110086,3.4944076034381477,0.27837772276793676,0.45235597110299375,0.7702096799042388,2,V180
กรุงธนบุรีใต้,เจริญนคร,74.8502778027024,19.484619372554718,1.4571663269796913,0.01633986928104575,0.7053899136468709,3.4862067148352764,2,V181
ลำสาลี,รามคำแหง,74.81240640910451,22.991764001197964,1.0390086852351001,0.09901916741539384,0.6655061395627433,0.3922955974842767,2,V182
บ้านแขก,อิสรภาพ,74.80756032355285,16.46686832539629,2.50069350120299,0.0,0.41394561845387357,5.810932231393998,2,V183
ศุลกากร,เกษมราษฎร์,74.7838886120727,20.78212913523935,2.3726789255577314,0.05791877030628238,1.4907766317324693,0.5126079250914671,2,V184
อุดมสุข,สุขุมวิท,74.7732288460463,20.651674813117573,2.9491435911682755,0.31983415531343895,1.0376983090040057,0.26842028535041657,2,V185
บางพลัด,ราชวิถี,74.74484721309369,20.234218445750972,2.9273820993309796,0.0446162998215348,1.5130442137254243,0.5358917282774021,2,V186
เฉลิมกรุง,เจริญกรุง,74.72017561018018,13.060373244079315,4.520114755167243,3.2152637412792595,0.42589453246687387,4.058178116827135,2,V187
เกษตร,งามวงศ์วาน,74.71536936516864,21.889502598331696,1.7851981671974242,0.04501383646112738,1.259277493747503,0.30563853909360517,2,V188
เจริญใจ,เอกมัย 5,74.60998614677962,22.976005075332488,0.0,0.0,0.870530633896841,1.5434781439910537,2,V189
ประตูน้ำ,เพชรบุรี,74.47736730646247,19.043520035371085,3.432447138739831,0.042195714317249576,0.6928999537398012,2.3115698513695744,2,V190
พหลโยธิน - เทพรักษ์,พหลโยธิน,74.46551923802969,22.13283731690153,2.010735588062298,0.02847041288334837,1.2205874856794356,0.14184995844370124,2,V191
คลองเตย,พระรามที่ 4,74.38035596572182,19.947794048403807,2.3057726716263303,0.12201007627836896,1.6376306620209058,1.606436575948771,2,V192
สุขุมวิท 42,สุขุมวิท 42,74.3757024231513,21.00786091752937,1.7281659876458368,0.3195866259197607,2.1705617744926857,0.3981222712610444,2,V193
ผ่านฟ้าลีลาศ,ราชดำเนินนอก,74.34361193071501,16.215468346302607,4.820137285777622,0.0,1.3280640870801546,3.2927183501245967,2,V194
ประชาสงเคราะห์,ประชาสงเคราะห์,74.19227330478566,19.52773464255277,2.756811444167333,0.7119664956943202,0.7905771754531812,2.0206369373467394,2,V195
ศรีอุดม,ศรีนครินทร์,74.1576026134468,23.911095194862792,0.8878559915186235,0.02712400751939319,0.9721282705854415,0.04419392206695076,2,V196
ประชาสงเคราะห์,อโศกดินแดง,74.1418256491786,22.095306703762585,1.2476815050344463,0.0340818759936407,2.354282591414944,0.12682167461579227,2,V197
สวนหลวง,อ่อนนุช,74.088739566494,23.9054851695865,0.4291729688809663,0.15549119567980557,1.2749972243994108,0.14611387495931938,2,V198
ท่าพระ,จรัญสนิทวงศ์,74.0106477808144,20.161286043603333,1.7208565569889736,0.0,0.8079097567107794,3.2992998618825116,2,V199
บางรัก,เจริญกรุง 42,74.0053050397878,21.435676392572944,0.0,0.0,0.4807692307692308,4.0782493368700266,2,V200
เกียกกาย,ทหาร,73.98705241019067,22.15364932374802,1.3085595011681437,0.0,1.5313014870656545,1.0194372778275174,2,V201
วัดสน,สุขสวัสดิ์ 35,73.94019773330118,25.020496744634677,0.0,0.0,1.0393055220641427,0.0,2,V202
ถนนตก,เจริญกรุง,73.90056729917265,19.61338503849119,2.495667583397581,1.4113897103667308,1.6024648170949218,0.9765255514769341,2,V203
สะพานแดง,พระรามที่ 5,73.7663345124293,21.905201435926877,1.6313641399118821,0.0,1.2139904377851005,1.483109473946857,2,V204
ประชาสงเคราะห์,ดินแดง,73.69112513952683,22.568094557742427,1.4883888353559085,0.3335658202443462,1.2515335811343764,0.6672920659961055,2,V205
สาธุ - จันทน์,สาธุประดิษฐ์,73.68403611507924,21.57111063831224,1.0307437463906872,0.0,1.5971525688175638,2.1169569314002614,2,V206
วิสุทธิกษัตริย์,ประชาธิปไตย,73.52770155730404,15.62834911594824,4.312233916532072,1.7723529801676552,0.936636777157003,3.822725652890978,2,V207
บางแค,เพชรเกษม,73.48656544595252,20.704054770836784,2.5762177334664402,0.0,0.8249310569413228,2.408230992802924,2,V208
ลาดพร้าว - มหาดไทย,ลาดพร้าว,73.4836227745451,20.524002336240045,4.79417331611844,0.032397408207343416,1.0061927229355656,0.15961144195350152,2,V209
เอกมัยใต้,สุขุมวิท,73.47917572796374,22.701961687902248,2.7502316493627825,0.25920515085661644,0.4897661920253545,0.31965959188926923,2,V210
หทัยราษฎร์ - หทัยมิตร,หทัยมิตร,73.42593154638146,25.175082442627705,0.14019832370911742,0.058800470403763225,1.112547636512303,0.08743958036565402,2,V211
สุขุมวิท 42,สุขุมวิท,73.41288908034551,22.09203785931866,2.6908092232997793,0.2527288704305074,0.9732991656909742,0.5782358009145736,2,V212
ค.ป.อ.,พหลโยธิน,73.27301370956143,23.187230434122974,2.43292008929539,0.2127673985131884,0.838956985709191,0.055111382797830274,2,V213
ผ่านฟ้าลีลาศ,หลานหลวง,73.16349954755441,17.931990284326332,5.449552316997666,0.07698718864599705,0.705576987188646,2.6723936752869455,2,V214
เย็นอากาศ,นางลิ้นจี่,73.03195290180884,24.083687555061505,1.138448679976712,0.0,1.0994121549637466,0.6464987081891966,2,V215
เพชรเกษม 81,เพชรเกษม 81,73.01049596828686,21.8202396504347,1.6016487229154466,0.03164556962025317,3.0613991621244203,0.4745709266183161,2,V216
โพธิ์สามต้น,วังเดิม,72.9984886942706,19.349169750634555,2.1500261572145476,0.0,0.5524016198097305,4.949913778070567,2,V217
พระราม 9,อโศกดินแดง,72.76986222640951,23.50500303306798,1.0541781630901512,0.03393087794266027,2.456703145762235,0.1803225537274625,2,V218
อ่อนนุช,สุขุมวิท,72.75489048987339,22.352968250552443,2.5949735739506217,0.28567287665280533,1.566801828755381,0.4446929802153614,2,V219
นวมินทร์ - แฮปปี้แลนด์,นวมินทร์,72.74497600732565,21.806117686000213,3.7132714373207487,0.2716332956083793,0.9974711562665377,0.46653041747847995,2,V220
เพชรเกษม 69,เพชรเกษม 69,72.66854452949777,24.563636724513223,0.7869325888042766,0.0,1.4889643856642871,0.49192177152044037,2,V221
หมอมี,เจริญกรุง,72.65189280014452,17.901689015129524,4.530774028717038,0.45323875409646236,0.5624751151327991,3.8999302867796564,2,V222
เกตุนุช,ลาดพร้าว 64,72.58349583930979,25.834958393097928,0.0,0.0,0.907347418975326,0.6741983486169534,2,V223
ห้วยขวาง,ประชาสงเคราะห์,72.24961388724796,17.431745229639226,1.3465014981886507,0.0,3.153669316669395,5.81847006825477,2,V224
ประตูน้ำ,ราชปรารภ,71.9578898652818,16.98976213747472,6.759246956341574,1.0020820290155346,0.6151782054689013,2.675840806417469,2,V225
ศรีอุดม,อุดมสุข,71.86000142597858,27.03243990077079,0.04478073077649537,0.009986019572598362,0.9796653509026125,0.07312657199892315,2,V226
พรานนก,อิสรภาพ,71.78027589692644,17.772537537145,1.1650937230399205,0.5399945970911436,0.7481111604925361,7.993987085304958,2,V227
ลาดปลาเค้า,รามอินทรา,71.75104951084944,25.411408806010392,1.2865268353418597,0.05498846285489742,1.4113043509737495,0.08472203396965607,2,V228
วงเวียนใหญ่,ลาดหญ้า,71.49906878869969,15.37000532120743,3.282277960526316,0.13544891640866874,1.382546439628483,8.330652573529411,2,V229
นาหลวง,ประชาอุทิศ (WB),71.28400074720174,21.232903328729222,1.0620695579374506,0.0,0.4640695497564095,5.956956816375172,2,V230
สี่แยกลาดหญ้า,อิสรภาพ,71.27109550287777,16.85323383084577,0.9564107566741457,0.0,1.291337430494586,9.627922479107731,2,V231
นาหลวง,พุทธบูชา,71.2341423818865,22.709584980844795,1.0500310541818607,0.0,0.7636869000547292,4.242554683032118,2,V232
มไหสวรรย์,มไหสวรรย์,71.21537422357096,22.785292330517727,3.092308332272756,0.023386342376052385,1.6593656049176437,1.224273166344862,2,V233
จันทิมา,ลาดพร้าว 80,71.13944381282371,28.242470178477973,0.0,0.0,0.6180860086983199,0.0,2,V234
วังหิน,ลาดปลาเค้า,70.76288903432228,18.932246218731823,0.043402777777777776,0.0,0.782386198371146,9.479075770796975,2,V235
มไหสวรรย์,สมเด็จพระเจ้าตากสิน,70.73783349964495,21.471637015052572,3.400703247090563,0.29424821391556094,1.0282015023707167,3.0673765219256306,2,V236
ลาซาล,สุขุมวิท 105,70.60527681981681,27.41128045388809,0.24752475247524752,0.12376237623762376,0.8060777987911151,0.8060777987911151,2,V237
หมอเหล็ง,ราชปรารภ,70.59026339357271,22.883740250006547,3.741145804888683,0.2079928300611718,0.7406431809876737,1.8362145404832027,2,V238
วุฒากาศ,วุฒากาศ,70.5703994627704,19.325359679290205,0.8694878004110621,0.0,0.3826743452514194,8.852078712276917,2,V239
กรุงเทพกรีฑา 20,กรุงเทพกรีฑา 20,70.40381825838753,27.10799681811801,0.0,0.0,2.488184923494455,0.0,2,V240
เย็นอากาศ,เย็นอากาศ,70.17168674698794,27.67269076305221,0.0,0.0,0.5,1.6556224899598393,2,V241
สุขุมวิท 39,สุขุมวิท,69.95735375786745,24.655237643465384,2.785461403184006,0.14580248056275452,0.7174657534246576,1.7386789614957423,2,V242
บางแค,บางแค,69.8969776609724,27.322295225580376,0.06666666666666667,0.0,1.455102934734998,1.258957512045554,2,V243
หทัยราษฎร์ - สุวินทวงศ์,หทัยราษฎร์,69.84888826606876,29.713107916933588,0.12103285821054878,0.028026905829596414,0.22830250373692076,0.060641549220585095,2,V244
วัดสน,สุขสวัสดิ์,69.01834512504269,24.15033820704475,2.9912247829426724,0.5675424485886797,3.1318871096619416,0.14066232671926912,2,V245
ตลาดวงศกร,สายไหม,69.01222665717606,28.467261931577575,0.302948393355378,0.10198191379771204,2.0320698219911644,0.08351128210210805,2,V246
มไหสวรรย์,รัชดาภิเษก,68.90950094572966,26.556037080917047,2.9584537146737055,0.035161744022503515,1.076434356661332,0.4644121579957459,2,V247
ลาซาล,สุขุมวิท,68.89401852660323,24.41418586497195,2.914508331933016,0.046363279141503726,3.4723358197745693,0.25858817757572383,2,V248
บางบอน 3 ซอย 5,บางบอน 3,68.83913390650706,27.285197524660468,0.46543404486724993,0.0,3.2407174767506692,0.16951704721455466,2,V249
สาธุ - จันทน์,จันทน์,68.72281322304914,26.196747620192575,1.4374271866349073,0.0,1.2903477402321297,2.3526642298912437,2,V250
ลำสาลี,ศรีนครินทร์,68.7013400673311,24.651746902259664,5.139344855163761,0.3077355882517214,0.7559452031957493,0.44388738379801207,2,V251
สนามบินสุวรรณภูมิ,ลาดกระบัง,68.48893412362702,28.676482751889576,1.293356696956112,0.2515814696749881,1.1968170165695893,0.09282794128269983,2,V252
ท่าพระ,รัชดาภิเษก,68.48886298278168,29.02751597288387,1.5474636269909194,0.02457606291472106,0.5110868187725247,0.4004945356562799,2,V253
จันทน์ - เจริญราษฎร์,จันทน์,68.43027243704037,26.898254582219856,0.6163552421266366,0.0,1.5963828885709852,2.4587348500421617,2,V254
วงเวียนใหญ่,สมเด็จพระเจ้าตากสิน,68.37731609794625,20.099517670818013,4.027978069439737,1.1659569823300793,1.4605260366023782,4.868705142863537,2,V255
ประเวศ,อ่อนนุช,68.33171728742242,28.391395221416747,0.41822729819405946,0.0384837947740401,2.743567507558706,0.07660889063402554,2,V256
ตลาดวงศกร,ทางเข้าออกตลาดวงศกร,68.26833670622983,30.197998140348957,0.0,0.0,1.108133238527594,0.425531914893617,2,V257
ประเวศ,เฉลิมพระเกียรติ ร.9,67.75684986124844,29.47880450384358,0.23364485981308408,0.0,2.4385984498102133,0.0921023252846799,2,V258
หมอมี,ทรงสวัสดิ์,67.21770835261239,24.558494197775353,0.8730173418963187,0.0,0.985545335085414,6.365234772630527,2,V259
บางบอน 3 ซอย 5,บางบอน 3 ซอย 5,66.75687306552791,31.257522125986302,0.04055150040551501,0.0,1.8559109427573601,0.08914236532291053,2,V260
หทัยราษฎร์ - สุวินทวงศ์,สุวินทวงศ์,66.7423995757656,31.305049525577168,0.7689490729342248,0.03483418874642526,1.0802492377038315,0.06851839927274105,2,V261
เพชรเกษม 69,เพชรเกษม 102/4,66.57894736842105,29.95614035087719,0.0,0.0,2.631578947368421,0.8333333333333334,2,V262
สี่แยกลาดหญ้า,ท่าดินแดง,65.97622620646078,18.497875567814752,2.5826078063263123,0.3040834057341442,0.5223490670927682,12.11685794657124,2,V263
วุฒากาศ,เทอดไท,65.80705009276437,19.61076727707044,2.210860749573945,0.07633587786259542,0.8744871994599366,11.420498803268705,2,V264
บางขุนนนท์,จรัญสนิทวงศ์ 32,65.74987026466009,30.49645390070922,0.0,0.0,1.8768379173153433,1.8768379173153433,2,V265
ศุลกากร,อาจณรงค์,65.37812147788108,27.46680402930403,0.29629825302902224,0.0,5.973733798253029,0.8850424415328262,2,V266
ศุลกากร,สุนทรโกษา,65.22446986724584,25.940180653416505,2.3256812384776624,0.0,4.34982448165265,2.159843759207347,2,V267
กรุงเทพกรีฑา 20,กรุงเทพกรีฑา,65.18499331184353,32.03330007528744,1.0191215490208978,0.0,1.3534836889385933,0.4091013749095454,2,V268
เลียบคลองภาษีเจริญฝั่งเหนือ - เพชรเกษม 81,เพชรเกษม 81,64.08342699037078,31.193055727524694,1.0563799491394663,0.0353356890459364,2.651021972893431,0.9807796710256875,2,V269
ตลาดวงศกร,เฉลิมพงษ์,64.00340401184148,34.907291467995655,0.0,0.0,1.089304520162862,0.0,2,V270
เพชรเกษม 81,เพชรเกษม,63.7781397982716,29.832914121451672,1.7227436153893638,0.015691453394331666,4.575630932020591,0.0748800794724389,2,V271
กษัตริย์ศึก,กรุงเกษม,63.74933433885377,19.673139704496066,1.4596584538138662,0.0,0.45264957943446094,14.665217923401833,2,V272
หทัยราษฎร์ - หทัยมิตร,หทัยราษฎร์,63.56130662881159,34.65682456417069,0.14649599361710547,0.0748334219545338,1.4770538844000127,0.08348550704606297,2,V273
เลียบคลองภาษีเจริญฝั่งเหนือ - เพชรเกษม 81,เลียบคลองภาษีเจริญฝั่งเหนือ,63.39746845313909,30.891604965918795,0.6055812600349111,0.0,4.449739467217459,0.655605853689748,2,V274
พงษ์พระราม,จารุเมือง,63.134669098422336,27.784509036182993,0.0,0.0,1.8582524519494432,7.222569413445228,2,V275
นาหลวง,ประชาอุทิศ (SB),62.15755380423255,28.35326393013994,1.1553748667655368,0.0,1.387314182849941,6.946493216012038,2,V276
หน้า 7-11 พัฒนาการ 20,พัฒนาการ 20,61.72450052576236,36.69821240799159,0.0,0.0,0.8412197686645636,0.7360672975814931,2,V277
แปลงนาม,พลับพลาไชย,60.39254242225621,19.837108246546745,0.0,0.5025125628140703,2.222464981914403,17.045371786468575,2,V278
แปลงนาม,แปลงนาม,60.38429522752497,23.793007769145394,0.0,0.0,1.7064372918978912,14.116259711431745,2,V279
เฉลิมกรุง,ตีทอง,59.0599876314162,24.868583797155225,3.494124922696351,2.465986394557823,0.6725417439703154,9.438775510204081,2,V280
ใต้ด่วนดินแดง,ดินแดงตัดใหม่,58.89830508474576,16.03107344632768,4.166666666666666,0.0,20.05649717514124,0.847457627118644,2,V281
กรุงเทพกรีฑา 20,กรุงเทพกรีฑา 37,56.77213780820392,39.09389436188568,0.0,0.0,3.4702510157510993,0.6637168141592921,2,V282
วัดสิงห์,เอกชัย,56.017953059210164,26.40570069239329,0.7611982507180854,0.0,0.9823445257309316,15.832803471947535,2,V283
นิคมอุตสาหกรรมลาดกระบัง,ส่วนบุคคล,51.0,45.07692307692308,0.0,0.0,3.9230769230769234,0.0,2,V284
วิทยุ - เพชร,เพชรบุรี 37 - ทางลงทางด่วน,50.0,31.25,0.0,0.0,0.0,18.75,2,V285
ผ่านฟ้าลีลาศ,บริพัตร,44.44444444444444,31.11111111111111,0.0,0.0,3.3333333333333335,21.11111111111111,2,V286
ยมราช,หลานหลวง,15.74956251215244,27.27007583122691,52.11938557262298,0.0,1.7548123663231576,3.106163717674509,2,V287
