intersection_key,road_key,time_key,ก่อนโควิด,โควิด,หลังโควิด
การเรือน,ราชวิถี,07:00-09:00,1,1,3
การเรือน,ราชวิถี,09:00-16:00,1,1,1
การเรือน,ราชวิถี,16:00-19:00,1,1,1
การเรือน,ราชสีมา,07:00-09:00,1,1,1
การเรือน,ราชสีมา,09:00-16:00,1,1,1
การเรือน,ราชสีมา,16:00-19:00,1,1,1
กำแพงเพชร,กำแพงเพชร,07:00-09:00,1,1,4
กำแพงเพชร,กำแพงเพชร,09:00-16:00,2,1,2
กำแพงเพชร,กำแพงเพชร,16:00-19:00,1,1,2
กำแพงเพชร,พหลโยธิน,07:00-09:00,2,1,4
กำแพงเพชร,พหลโยธิน,09:00-16:00,2,1,2
กำแพงเพชร,พหลโยธิน,16:00-19:00,2,1,2
ขัตติยานี,พิชัย,07:00-09:00,1,1,3
ขัตติยานี,พิชัย,09:00-16:00,1,1,1
ขัตติยานี,พิชัย,16:00-19:00,1,1,1
ขัตติยานี,สุโขทัย,07:00-09:00,1,1,3
ขัตติยานี,สุโขทัย,09:00-16:00,1,1,1
ขัตติยานี,สุโขทัย,16:00-19:00,1,1,1
คลองตัน,พัฒนาการ,07:00-09:00,2,1,2
คลองตัน,พัฒนาการ,09:00-16:00,2,1,1
คลองตัน,พัฒนาการ,16:00-19:00,2,1,1
คลองตัน,รามคำแหง,07:00-09:00,2,1,2
คลองตัน,รามคำแหง,09:00-16:00,2,1,1
คลองตัน,สุขุมวิท 71,07:00-09:00,2,1,1
คลองตัน,เพชรบุรี,07:00-09:00,2,1,2
คลองตัน,เพชรบุรี,09:00-16:00,2,1,1
คลองประปา,ประชาชื่น,07:00-09:00,1,1,1
คลองประปา,เลียบคลองประปา,07:00-09:00,1,1,1
คลองประปา,แจ้งวัฒนะ,07:00-09:00,1,1,1
คลองสาน,ลาดหญ้า,07:00-09:00,3,1,4
คลองสาน,ลาดหญ้า,09:00-16:00,3,1,1
คลองสาน,ลาดหญ้า,16:00-19:00,3,1,1
คลองสาน,สมเด็จเจ้าพระยา,07:00-09:00,3,1,4
คลองสาน,สมเด็จเจ้าพระยา,09:00-16:00,3,1,1
คลองสาน,สมเด็จเจ้าพระยา,16:00-19:00,3,1,1
คลองสาน,เจริญนคร,07:00-09:00,3,1,4
คลองสาน,เจริญนคร,09:00-16:00,3,1,1
คลองสาน,เจริญนคร,16:00-19:00,3,1,1
คลองเตย,พระรามที่ 4,07:00-09:00,2,1,4
คลองเตย,พระรามที่ 4,09:00-16:00,2,1,1
คลองเตย,สุนทรโกษา,07:00-09:00,2,1,4
คลองเตย,สุนทรโกษา,09:00-16:00,2,1,1
คอกวัว,ตะนาว,07:00-09:00,2,1,2
คอกวัว,ตะนาว,09:00-16:00,2,1,1
คอกวัว,ตะนาว,16:00-19:00,2,1,1
คอกวัว,ราชดำเนินกลาง,07:00-09:00,2,1,2
คอกวัว,ราชดำเนินกลาง,09:00-16:00,2,1,1
คอกวัว,ราชดำเนินกลาง,16:00-19:00,2,1,1
จอมทอง,จอมทอง,07:00-09:00,1,1,3
จอมทอง,จอมทอง,09:00-16:00,1,1,1
จอมทอง,จอมทอง,16:00-19:00,1,1,1
จอมทอง,วุฒากาศ,07:00-09:00,1,1,3
จอมทอง,วุฒากาศ,09:00-16:00,1,1,1
จอมทอง,วุฒากาศ,16:00-19:00,1,1,1
จักรพรรดิพงษ์,จักรพรรดิพงษ์,07:00-09:00,2,1,3
จักรพรรดิพงษ์,จักรพรรดิพงษ์,09:00-16:00,2,1,1
จักรพรรดิพงษ์,จักรพรรดิพงษ์,16:00-19:00,2,1,1
จักรพรรดิพงษ์,นครสวรรค์,07:00-09:00,2,1,3
จักรพรรดิพงษ์,นครสวรรค์,09:00-16:00,2,1,1
จักรพรรดิพงษ์,นครสวรรค์,16:00-19:00,2,1,1
จันทน์ - นราธิวาส,จันทน์,07:00-09:00,1,2,3
จันทน์ - นราธิวาส,จันทน์,09:00-16:00,1,2,1
จันทน์ - นราธิวาส,จันทน์,16:00-19:00,1,2,1
จันทน์ - เจริญราษฎร์,จันทน์,07:00-09:00,2,1,3
จันทน์ - เจริญราษฎร์,เจริญราษฎร์,07:00-09:00,1,1,3
ดาวคะนอง,จอมทอง,07:00-09:00,3,1,3
ดาวคะนอง,จอมทอง,09:00-16:00,3,1,1
ดาวคะนอง,จอมทอง,16:00-19:00,3,1,1
ดาวคะนอง,สมเด็จพระเจ้าตากสิน,07:00-09:00,3,1,3
ดาวคะนอง,สมเด็จพระเจ้าตากสิน,09:00-16:00,3,1,1
ดาวคะนอง,สมเด็จพระเจ้าตากสิน,16:00-19:00,3,1,1
ด่วนนางลิ้นจี่,นางลิ้นจี่,07:00-09:00,1,1,2
ด่วนนางลิ้นจี่,รัชดาภิเษก,07:00-09:00,1,1,2
ด่วนสาธุ,รัชดาภิเษก,07:00-09:00,1,1,1
ด่วนสาธุ,สาธุประดิษฐ์,07:00-09:00,1,1,1
ด่วนเกษมราษฎร์,เกษมราษฎร์,07:00-09:00,1,1,2
ด่วนเพลินจิต,ดวงพิทักษ์,07:00-09:00,1,1,1
ด่วนเพลินจิต,สุขุมวิท,07:00-09:00,1,1,1
ด่วนเพลินจิต,เพลินจิต,07:00-09:00,1,1,2
ตรอกจันทน์,จันทน์,07:00-09:00,1,1,1
ตรอกจันทน์,เจริญกรุง,07:00-09:00,1,1,1
ตากสิน,กรุงธนบุรี,07:00-09:00,2,1,1
ตากสิน,ราชพฤกษ์,07:00-09:00,2,1,1
ตากสิน,สมเด็จพระเจ้าตากสิน,07:00-09:00,2,1,1
ถนนตก,พระรามที่ 3,07:00-09:00,2,2,2
ถนนตก,เจริญกรุง,07:00-09:00,2,2,2
ทองหล่อ,สุขุมวิท,07:00-09:00,2,1,4
ทองหล่อ,สุขุมวิท,09:00-16:00,2,1,1
ทองหล่อ,สุขุมวิท,16:00-19:00,2,1,1
ทุ่งครุ,ครุใน,07:00-09:00,2,1,1
ทุ่งครุ,ประชาอุทิศ,07:00-09:00,2,1,1
ทุ่งสาธิต,สุขุมวิท,07:00-09:00,1,1,2
ท่าดินแดง,ท่าดินแดง,07:00-09:00,2,1,2
ท่าดินแดง,ท่าดินแดง,09:00-16:00,2,1,1
ท่าดินแดง,ท่าดินแดง,16:00-19:00,2,1,1
ท่าดินแดง,สมเด็จเจ้าพระยา,07:00-09:00,2,1,1
ท่าพระ,จรัญสนิทวงศ์,07:00-09:00,1,1,2
ท่าพระ,รัชดาภิเษก,07:00-09:00,1,1,2
ท่าพระ,เพชรเกษม,07:00-09:00,1,1,2
นวมินทร์ - ประเสริฐมนูกิจ,ประเสริฐมนูกิจ,07:00-09:00,1,1,1
นอร์ธปาร์ค,กำแพงเพชร 6,07:00-09:00,1,1,1
นอร์ธปาร์ค,ชิดชน,07:00-09:00,1,1,1
นางลิ้นจี่,นางลิ้นจี่,09:00-16:00,1,1,1
นางลิ้นจี่,พระรามที่ 3,09:00-16:00,1,1,1
นางเลิ้ง,นครสวรรค์,09:00-16:00,1,1,1
นางเลิ้ง,พิษณุโลก,07:00-09:00,1,1,2
นางเลิ้ง,พิษณุโลก,09:00-16:00,1,1,1
นางเลิ้ง,พิษณุโลก,16:00-19:00,1,1,1
นานา,สุขุมวิท,09:00-16:00,1,1,1
นาหลวง,พุทธบูชา,07:00-09:00,2,1,2
นิด้า,ศรีบูรพา,07:00-09:00,1,1,3
นิด้า,เสรีไทย,07:00-09:00,1,2,3
บรมราชชนนี,จรัญสนิทวงศ์,07:00-09:00,1,1,3
บรมราชชนนี,บรมราชชนนี,07:00-09:00,1,1,4
บรมราชชนนี,บรมราชชนนี,09:00-16:00,1,1,1
บรมราชชนนี,บรมราชชนนี,16:00-19:00,1,1,1
บางกระบือ,สามเสน,07:00-09:00,1,2,2
บางกระบือ,สามเสน,09:00-16:00,1,2,1
บางกระบือ,สามเสน,16:00-19:00,1,2,1
บางกระบือ,อำนวยสงคราม,07:00-09:00,1,2,2
บางกระบือ,อำนวยสงคราม,09:00-16:00,1,1,1
บางกระบือ,อำนวยสงคราม,16:00-19:00,1,2,1
บางกระบือ,เขียวไข่กา,07:00-09:00,1,2,2
บางกระบือ,เขียวไข่กา,09:00-16:00,1,2,1
บางกระบือ,เขียวไข่กา,16:00-19:00,1,2,1
บางกะปิ,พ่วงศิริ,07:00-09:00,1,1,1
บางกะปิ,ลาดพร้าว,07:00-09:00,1,1,1
บางกะปิ,เสรีไทย,07:00-09:00,1,1,1
บางขุนนนท์,จรัญสนิทวงศ์,07:00-09:00,2,2,3
บางขุนนนท์,บางกอกน้อยตลิ่งชัน,07:00-09:00,1,1,1
บางชัน,เสรีไทย,07:00-09:00,1,1,1
บางบอน 5,บางบอน 5,07:00-09:00,1,1,1
บางบอน 5,บางบอน 5,09:00-16:00,1,1,1
บางบอน 5,บางบอน 5,16:00-19:00,1,1,1
บางบอน 5,เอกชัย,07:00-09:00,1,1,1
บางบอน 5,เอกชัย,09:00-16:00,1,1,1
บางบอน 5,เอกชัย,16:00-19:00,1,1,1
บางพลัด,จรัญสนิทวงศ์,07:00-09:00,2,1,3
บางพลัด,ราชวิถี,07:00-09:00,2,1,3
บางพลัด,สิรินธร,07:00-09:00,2,1,3
บางยี่เรือ,อินทรพิทักษ์,07:00-09:00,2,1,3
บางยี่เรือ,อินทรพิทักษ์,09:00-16:00,2,1,1
บางยี่เรือ,อินทรพิทักษ์,16:00-19:00,2,1,1
บางยี่เรือ,เทอดไท,07:00-09:00,2,2,3
บางยี่เรือ,เทอดไท,09:00-16:00,2,2,1
บางยี่เรือ,เทอดไท,16:00-19:00,2,2,1
บางยี่เรือ,เพชรเกษม,07:00-09:00,2,1,3
บางยี่เรือ,เพชรเกษม,09:00-16:00,2,1,1
บางยี่เรือ,เพชรเกษม,16:00-19:00,2,1,1
บางรัก,สีลม,07:00-09:00,1,2,3
บางรัก,สีลม,09:00-16:00,1,2,1
บางรัก,สีลม,16:00-19:00,1,2,1
บางรัก,เจริญกรุง,07:00-09:00,1,2,3
บางรัก,เจริญกรุง,09:00-16:00,1,2,1
บางรัก,เจริญกรุง,16:00-19:00,1,2,1
บางลำพู,สามเสน,07:00-09:00,1,1,3
บางลำพู,สามเสน,09:00-16:00,1,1,1
บางลำพู,สามเสน,16:00-19:00,1,1,1
บางแค,บางแค,07:00-09:00,1,1,3
บางแค,บางแค,09:00-16:00,1,1,1
บางแค,บางแค,16:00-19:00,1,1,1
บางแค,เพชรเกษม,07:00-09:00,1,1,3
บางแค,เพชรเกษม,09:00-16:00,1,1,1
บางแค,เพชรเกษม,16:00-19:00,1,1,1
บางโพ,ประชาราษฎร์สาย 1,07:00-09:00,1,2,2
บางโพ,ประชาราษฎร์สาย 2,07:00-09:00,1,2,2
บุคคโล,มไหสวรรย์,07:00-09:00,2,1,3
บุคคโล,เจริญนคร,07:00-09:00,2,1,3
บ้านแขก,ประชาธิปก,09:00-16:00,1,2,1
บ้านแขก,อิสรภาพ,09:00-16:00,1,2,1
ปทุมวัน,พญาไท,07:00-09:00,2,1,3
ปทุมวัน,พระรามที่ 1,07:00-09:00,2,1,3
ประชาชื่น,ประชาชื่น,07:00-09:00,1,2,1
ประชาชื่น,ประชาราษฎร์สาย 2,07:00-09:00,1,1,1
ประชาธรรม,ประชาอุทิศ,07:00-09:00,2,1,1
ประชาธรรม,ประดิษฐ์มนูธรรม,07:00-09:00,2,1,1
ประชานิเวศน์,ประชาชื่น,07:00-09:00,3,1,1
ประชานิเวศน์,เทศบาลสงเคราะห์,07:00-09:00,3,1,1
ประชาสงเคราะห์,ดินแดง,07:00-09:00,2,1,2
ประชาสงเคราะห์,ประชาสงเคราะห์,07:00-09:00,2,1,2
ประชาอุทิศ,ประชาอุทิศ,07:00-09:00,3,2,4
ประชาอุทิศ,ประชาอุทิศ,09:00-16:00,3,2,2
ประชาอุทิศ,ประชาอุทิศ,16:00-19:00,3,2,2
ประชาอุทิศ,สุขสวัสดิ์,07:00-09:00,1,1,2
ประชาอุทิศ,สุขสวัสดิ์,09:00-16:00,1,1,1
ประชาอุทิศ,สุขสวัสดิ์,16:00-19:00,1,1,1
ประชาอุทิศ,เทียมร่วมมิตร,07:00-09:00,1,1,2
ประชาอุทิศ,เทียมร่วมมิตร,09:00-16:00,1,1,1
ประชาอุทิศ,เทียมร่วมมิตร,16:00-19:00,1,1,1
ประชาเกษม,กรุงเกษม,07:00-09:00,1,1,2
ประชาเกษม,นครราชสีมา,07:00-09:00,1,1,2
ประชาเกษม,ประชาธิปไตย,07:00-09:00,1,1,2
ประดิพัทธ์,พระรามที่ 6,07:00-09:00,1,2,2
ประตูน้ำ,ราชดำริ,07:00-09:00,1,1,4
ประตูน้ำ,ราชดำริ,09:00-16:00,1,1,1
ประตูน้ำ,ราชดำริ,16:00-19:00,1,1,1
ประตูน้ำ,ราชปรารภ,07:00-09:00,1,1,4
ประตูน้ำ,ราชปรารภ,09:00-16:00,1,1,1
ประตูน้ำ,ราชปรารภ,16:00-19:00,1,1,1
ประตูน้ำ,เพชรบุรี,07:00-09:00,1,1,4
ประตูน้ำ,เพชรบุรี,09:00-16:00,1,1,1
ประตูน้ำ,เพชรบุรี,16:00-19:00,1,1,1
ประเสริฐมนูกิจ - ประดิษฐ์มนูธรรม,ประดิษฐ์มนูธรรม,07:00-09:00,2,1,2
ประเสริฐมนูกิจ - ประดิษฐ์มนูธรรม,ประเสริฐมนูกิจ,07:00-09:00,2,1,2
ประเสริฐมนูกิจ - ลาดปลาเค้า,ประเสริฐมนูกิจ,07:00-09:00,1,1,1
ประเสริฐมนูกิจ - ลาดปลาเค้า,ลาดปลาเค้า,07:00-09:00,1,1,1
ปากทางลาดพร้าว,พหลโยธิน,07:00-09:00,1,1,1
ปากทางลาดพร้าว,พหลโยธิน,09:00-16:00,1,1,1
ปากทางลาดพร้าว,พหลโยธิน,16:00-19:00,1,1,1
ปากทางลาดพร้าว,ลาดพร้าว,07:00-09:00,1,1,1
ปากทางลาดพร้าว,ลาดพร้าว,09:00-16:00,1,1,1
ปากทางลาดพร้าว,ลาดพร้าว,16:00-19:00,1,1,1
ป้อมมหากาฬ,พระสุเมรุ,09:00-16:00,1,1,1
ป้อมมหากาฬ,มหาไชย,07:00-09:00,1,1,1
ป้อมมหากาฬ,มหาไชย,09:00-16:00,1,1,1
ป้อมมหากาฬ,มหาไชย,16:00-19:00,1,1,1
ป้อมมหากาฬ,ราชดำเนินกลาง,09:00-16:00,1,1,1
ผังเมือง,พระราม 9,07:00-09:00,1,1,1
ผังเมือง,พระราม 9,09:00-16:00,1,1,1
ผังเมือง,พระราม 9,16:00-19:00,1,1,1
ผังเมือง,วัฒนธรรม,07:00-09:00,1,1,2
ผังเมือง,วัฒนธรรม,09:00-16:00,1,1,1
ผังเมือง,วัฒนธรรม,16:00-19:00,1,1,1
พงษ์พระราม,จารุเมือง,07:00-09:00,1,1,2
พงษ์พระราม,พระรามที่ 1,07:00-09:00,1,1,2
พงษ์เพชร,งามวงศ์วาน,07:00-09:00,1,1,2
พงษ์เพชร,ประชาชื่น,07:00-09:00,1,1,2
พญาไท,พญาไท,07:00-09:00,1,1,3
พญาไท,ศรีอยุธยา,07:00-09:00,1,1,3
พระราม 9,พระราม 9,07:00-09:00,2,2,2
พระราม 9,รัชดาภิเษก,07:00-09:00,2,2,2
พระราม 9,อโศกดินแดง,07:00-09:00,2,2,2
พระราม 9 ใหม่,เพชรพระราม,07:00-09:00,1,1,1
พระรามที่ 4,พระรามที่ 4,07:00-09:00,1,1,2
พระรามที่ 4,รัชดาภิเษก,07:00-09:00,1,1,2
พระรามที่ 4,รัชดาภิเษก,09:00-16:00,2,1,1
พระรามที่ 4,รัชดาภิเษก,16:00-19:00,1,1,1
พระโขนง,สุขุมวิท,07:00-09:00,2,1,4
พระโขนง,สุขุมวิท,09:00-16:00,2,1,1
พระโขนง,สุขุมวิท,16:00-19:00,2,1,1
พรานนก,พรานนก,07:00-09:00,1,1,2
พรานนก,อิสรภาพ,07:00-09:00,1,1,2
พหลโยธิน - เทพรักษ์,พหลโยธิน,07:00-09:00,1,1,2
พหลโยธิน - เทพรักษ์,เทพรักษ์,07:00-09:00,1,1,2
พัฒนาการ,พัฒนาการ,07:00-09:00,2,1,2
พัฒนาการ,ศรีนครินทร์,07:00-09:00,2,1,2
พิบูลสงคราม,ประชาราษฎร์สาย 1,07:00-09:00,1,1,1
พิบูลสงคราม,พิบูลสงคราม,07:00-09:00,1,1,1
พุทธมณฑลสาย 2,พุทธมณฑลสาย 2,07:00-09:00,2,1,2
พุทธมณฑลสาย 2,พุทธมณฑลสาย 2,09:00-16:00,2,1,1
พุทธมณฑลสาย 2,พุทธมณฑลสาย 2,16:00-19:00,2,1,1
พุทธมณฑลสาย 2,เพชรเกษม,07:00-09:00,2,1,2
พุทธมณฑลสาย 2,เพชรเกษม,09:00-16:00,2,1,1
พุทธมณฑลสาย 2,เพชรเกษม,16:00-19:00,2,1,1
พุทธมณฑลสาย 3,พุทธมณฑลสาย 3,07:00-09:00,2,1,1
พุทธมณฑลสาย 3,เพชรเกษม,07:00-09:00,2,1,1
มิตรสัมพันธ์,นิคมมักกะสัน,07:00-09:00,1,1,1
มิตรสัมพันธ์,เพชรบุรี,07:00-09:00,1,1,2
มิตรไมตรี - มิตรไมตรี 1,มิตรไมตรี,09:00-16:00,5,1,1
มิตรไมตรี - มิตรไมตรี 1,มิตรไมตรี 1,09:00-16:00,5,1,1
มิตรไมตรี - มิตรไมตรี 2,มิตรไมตรี,07:00-09:00,2,3,3
มิตรไมตรี - มิตรไมตรี 2,มิตรไมตรี,09:00-16:00,6,4,1
มิตรไมตรี - มิตรไมตรี 2,มิตรไมตรี,16:00-19:00,2,3,1
มิตรไมตรี - มิตรไมตรี 2,มิตรไมตรี 2,07:00-09:00,2,3,3
มิตรไมตรี - มิตรไมตรี 2,มิตรไมตรี 2,09:00-16:00,6,4,1
มิตรไมตรี - มิตรไมตรี 2,มิตรไมตรี 2,16:00-19:00,2,3,1
มไหสวรรย์,มไหสวรรย์,07:00-09:00,2,1,3
มไหสวรรย์,มไหสวรรย์,09:00-16:00,2,1,1
มไหสวรรย์,มไหสวรรย์,16:00-19:00,2,1,1
มไหสวรรย์,รัชดาภิเษก,07:00-09:00,2,1,2
ยุคล 2,ยุคล 2,07:00-09:00,1,1,1
รัชดา - ลาดพร้าว,รัชดาภิเษก,07:00-09:00,1,1,3
รัชดา - ลาดพร้าว,รัชดาภิเษก,09:00-16:00,1,1,1
รัชดา - ลาดพร้าว,รัชดาภิเษก,16:00-19:00,1,1,1
รัชโยธิน,พหลโยธิน,07:00-09:00,1,1,2
รัชโยธิน,พหลโยธิน,09:00-16:00,1,1,1
รัชโยธิน,พหลโยธิน,16:00-19:00,1,1,1
ราชดำริ,ราชดำริ,07:00-09:00,2,1,2
ราชดำริ,สารสิน,07:00-09:00,2,1,2
ราชประสงค์,พระรามที่ 1,09:00-16:00,2,1,1
ราชประสงค์,ราชดำริ,09:00-16:00,2,1,1
ราชประสงค์,เพลินจิต,07:00-09:00,2,1,4
ราชประสงค์,เพลินจิต,09:00-16:00,2,1,1
ราชประสงค์,เพลินจิต,16:00-19:00,2,1,1
ราชวงศ์,ราชวงศ์,07:00-09:00,1,2,1
ราชวงศ์,เยาวราช,07:00-09:00,1,2,1
ราชวัตร,นครไชยศรี,07:00-09:00,2,1,1
ราชวัตร,พระรามที่ 5,07:00-09:00,2,1,1
ราชวิถี,พระรามที่ 5,07:00-09:00,1,1,3
ราชวิถี,พระรามที่ 5,09:00-16:00,1,1,1
ราชวิถี,พระรามที่ 5,16:00-19:00,1,1,1
ราชวิถี,ราชวิถี,07:00-09:00,1,1,3
ราชวิถี,ราชวิถี,09:00-16:00,1,1,1
ราชวิถี,ราชวิถี,16:00-19:00,1,1,1
ราชเทวี,พญาไท,07:00-09:00,1,1,3
ราชเทวี,เพชรบุรี,07:00-09:00,1,1,3
รามคำแหง,พระราม 9,07:00-09:00,1,1,2
รามคำแหง,พระราม 9,09:00-16:00,1,1,1
รามคำแหง,พระราม 9,16:00-19:00,1,1,1
รามคำแหง,รามคำแหง,07:00-09:00,1,1,2
รามคำแหง,รามคำแหง,09:00-16:00,1,1,1
รามคำแหง,รามคำแหง,16:00-19:00,1,1,1
ราษฎร์บูรณะ,ราษฎร์บูรณะ,07:00-09:00,1,1,2
ราษฎร์บูรณะ,ราษฎร์บูรณะ,09:00-16:00,1,1,1
ราษฎร์บูรณะ,ราษฎร์บูรณะ,16:00-19:00,1,1,1
ราษฎร์บูรณะ,ราษฎร์พัฒนา,07:00-09:00,1,1,1
ลาซาล,สุขุมวิท,07:00-09:00,2,1,2
ลาดบัวขาว,รามคำแหง,07:00-09:00,1,1,1
ลาดปลาเค้า,รามอินทรา,07:00-09:00,1,1,3
ลาดปลาเค้า,รามอินทรา,09:00-16:00,1,1,1
ลาดปลาเค้า,รามอินทรา,16:00-19:00,1,1,1
ลาดปลาเค้า,ลาดปลาเค้า,07:00-09:00,2,1,3
ลาดปลาเค้า,ลาดปลาเค้า,09:00-16:00,2,1,1
ลาดปลาเค้า,ลาดปลาเค้า,16:00-19:00,2,1,1
วงศ์สว่าง,รัชดาภิเษก,07:00-09:00,2,2,1
วงศ์สว่าง,วงศ์สว่าง,07:00-09:00,2,2,1
วงเวียนหลักสี่,พหลโยธิน,07:00-09:00,1,1,1
วงเวียนหลักสี่,รามอินทรา,07:00-09:00,1,1,1
วงเวียนหลักสี่,แจ้งวัฒนะ,07:00-09:00,1,1,1
วงเวียนใหญ่,ประชาธิปก,07:00-09:00,1,1,2
วงเวียนใหญ่,อินทรพิทักษ์,07:00-09:00,1,1,2
วังหิน,สุขาภิบาล 1,07:00-09:00,1,1,1
วังหิน,เสนานิคม,07:00-09:00,1,1,1
วังแดง,พิษณุโลก,07:00-09:00,1,2,2
วังแดง,ราชสีมา,07:00-09:00,1,2,1
วัดดวงแข,จารุเมือง,07:00-09:00,1,1,1
วัดดวงแข,จารุเมือง,09:00-16:00,1,1,1
วัดดวงแข,จารุเมือง,16:00-19:00,1,1,1
วัดดวงแข,เจริญเมือง,07:00-09:00,1,1,1
วัดดวงแข,เจริญเมือง,09:00-16:00,1,1,1
วัดดวงแข,เจริญเมือง,16:00-19:00,1,1,1
วัดประชา,พระรามที่ 5,07:00-09:00,2,1,1
วัดสน,สุขสวัสดิ์,07:00-09:00,3,1,3
วัดสน,สุขสวัสดิ์,09:00-16:00,3,1,1
วัดสน,สุขสวัสดิ์,16:00-19:00,3,1,1
วัดสะพานสูง,พระรามที่ 6,07:00-09:00,2,1,1
วัดสะพานสูง,เตชะวณิช,07:00-09:00,2,1,1
วัดเทพลีลา,รามคำแหง,07:00-09:00,1,1,2
วัดเทพลีลา,รามคำแหง,09:00-16:00,1,1,1
วัดเทพลีลา,รามคำแหง,16:00-19:00,1,1,1
วิทยุ,พระรามที่ 4,07:00-09:00,1,1,2
วิทยุ,พระรามที่ 4,09:00-16:00,2,1,1
วิทยุ,พระรามที่ 4,16:00-19:00,1,1,1
วิทยุ,วิทยุ,07:00-09:00,1,1,2
วิทยุ,วิทยุ,09:00-16:00,2,1,1
วิทยุ,วิทยุ,16:00-19:00,1,1,1
วิทยุ,สาทร,07:00-09:00,1,1,2
วิทยุ,สาทร,09:00-16:00,2,1,1
วิทยุ,สาทร,16:00-19:00,1,1,1
วิสุทธิกษัตริย์,ประชาธิปไตย,07:00-09:00,2,2,2
วิสุทธิกษัตริย์,วิสุทธิกษัตริย์,07:00-09:00,2,2,2
ศรีย่าน,นครไชยศรี,07:00-09:00,2,1,2
ศรีย่าน,นครไชยศรี,09:00-16:00,2,1,1
ศรีย่าน,นครไชยศรี,16:00-19:00,2,1,1
ศรีย่าน,สามเสน,07:00-09:00,2,1,2
ศรีย่าน,สามเสน,09:00-16:00,2,1,1
ศรีย่าน,สามเสน,16:00-19:00,2,1,1
ศรีอยุธยา,พระรามที่ 6,07:00-09:00,1,1,2
ศรีอยุธยา,ศรีอยุธยา,07:00-09:00,1,2,2
ศาลาแดง,พระรามที่ 4,07:00-09:00,1,1,2
ศาลาแดง,พระรามที่ 4,09:00-16:00,1,1,1
ศาลาแดง,พระรามที่ 4,16:00-19:00,1,1,1
ศาลาแดง,ราชดำริ,07:00-09:00,1,1,2
ศาลาแดง,ราชดำริ,09:00-16:00,1,1,1
ศาลาแดง,ราชดำริ,16:00-19:00,1,1,1
ศาลาแดง,สีลม,07:00-09:00,1,1,2
ศาลาแดง,สีลม,09:00-16:00,1,1,1
ศาลาแดง,สีลม,16:00-19:00,1,1,1
ศิริราช,พรานนก,07:00-09:00,1,1,1
สวนรื่นฤดี,สุโขทัย,07:00-09:00,1,1,1
สะพานขาว,กรุงเกษม,07:00-09:00,1,1,2
สะพานขาว,กรุงเกษม,09:00-16:00,1,1,1
สะพานขาว,กรุงเกษม,16:00-19:00,1,1,1
สะพานขาว,หลานหลวง,07:00-09:00,1,1,2
สะพานขาว,หลานหลวง,09:00-16:00,1,1,1
สะพานขาว,หลานหลวง,16:00-19:00,1,1,1
สะพานควาย,ประดิพัทธ์,07:00-09:00,1,2,2
สะพานควาย,พหลโยธิน,07:00-09:00,1,2,2
สะพานควาย,สุทธิสาร,07:00-09:00,1,2,2
สะพานดำ,กำแพงเพชร,07:00-09:00,1,1,2
สะพานดำ,กำแพงเพชร 5,07:00-09:00,1,1,1
สะพานดำ,พระรามที่ 6,07:00-09:00,1,1,2
สะพานเหลือง,บรรทัดทอง,07:00-09:00,2,1,1
สะพานเหลือง,พระรามที่ 4,07:00-09:00,2,1,1
สะพานแดง,ทหาร,07:00-09:00,2,1,2
สะพานแดง,ทหาร,09:00-16:00,2,1,1
สะพานแดง,ทหาร,16:00-19:00,2,1,1
สะพานแดง,ประดิพัทธ์,07:00-09:00,2,1,2
สะพานแดง,ประดิพัทธ์,09:00-16:00,2,1,1
สะพานแดง,ประดิพัทธ์,16:00-19:00,2,1,1
สะพานแดง,พระรามที่ 5,07:00-09:00,1,1,2
สะพานแดง,พระรามที่ 5,09:00-16:00,2,1,1
สะพานแดง,พระรามที่ 5,16:00-19:00,1,1,1
สะพานแดง,เตชะวณิช,07:00-09:00,1,1,2
สะพานแดง,เตชะวณิช,09:00-16:00,2,1,1
สะพานแดง,เตชะวณิช,16:00-19:00,1,1,1
สาทร - นราธิวาส,สาทร,07:00-09:00,1,1,3
สาทร - นราธิวาส,สาทร,09:00-16:00,1,1,1
สาทร - นราธิวาส,สาทร,16:00-19:00,1,1,1
สาทร - เจริญกรุง,สาทร,07:00-09:00,1,1,2
สาทร - เจริญกรุง,สาทร,09:00-16:00,1,1,1
สาทร - เจริญกรุง,สาทร,16:00-19:00,1,1,1
สาทร - เจริญกรุง,เจริญกรุง,07:00-09:00,1,1,2
สาทร - เจริญกรุง,เจริญกรุง,09:00-16:00,1,1,1
สาทร - เจริญกรุง,เจริญกรุง,16:00-19:00,1,1,1
สาธุ - จันทน์,จันทน์,07:00-09:00,2,1,2
สาธุ - จันทน์,สาธุประดิษฐ์,07:00-09:00,2,1,2
สาธุประดิษฐ์,สาธุประดิษฐ์,09:00-16:00,2,1,1
สามยอด,มหาไชย,07:00-09:00,1,2,2
สามยอด,มหาไชย,09:00-16:00,1,2,1
สามยอด,มหาไชย,16:00-19:00,1,2,1
สามยอด,เจริญกรุง,07:00-09:00,1,2,2
สามยอด,เจริญกรุง,09:00-16:00,1,2,1
สามยอด,เจริญกรุง,16:00-19:00,1,2,1
สามเสน,นครไชยศรี,07:00-09:00,2,2,1
สามเสน,สวรรคโลก,07:00-09:00,2,2,1
สามเสน,เทอดดำริ,07:00-09:00,2,2,1
สามเหลี่ยมดินแดง,ดินแดง,07:00-09:00,1,1,2
สามเหลี่ยมดินแดง,ดินแดง,09:00-16:00,1,1,1
สามเหลี่ยมดินแดง,ดินแดง,16:00-19:00,1,1,1
สามเหลี่ยมดินแดง,ราชปรารภ,07:00-09:00,1,1,2
สามเหลี่ยมดินแดง,ราชปรารภ,09:00-16:00,1,1,1
สามเหลี่ยมดินแดง,ราชปรารภ,16:00-19:00,1,1,1
สามเหลี่ยมดินแดง,ราชวิถี,07:00-09:00,1,1,2
สามเหลี่ยมดินแดง,ราชวิถี,09:00-16:00,1,1,1
สามเหลี่ยมดินแดง,ราชวิถี,16:00-19:00,1,1,1
สามแยกบางกะปิ,ลาดพร้าว,07:00-09:00,1,1,3
สามแยกบางกะปิ,ศรีนครินทร์,07:00-09:00,1,1,3
สีลม - นราธิวาส,นราธิวาสราชนครินทร์,07:00-09:00,1,1,1
สีลม - นราธิวาส,สีลม,07:00-09:00,1,1,2
สี่กั๊กเสาชิงช้า,ตะนาว,07:00-09:00,1,1,2
สี่กั๊กเสาชิงช้า,ตะนาว,09:00-16:00,1,1,1
สี่กั๊กเสาชิงช้า,ตะนาว,16:00-19:00,1,1,1
สี่กั๊กเสาชิงช้า,บำรุงเมือง,07:00-09:00,1,1,2
สี่กั๊กเสาชิงช้า,บำรุงเมือง,09:00-16:00,1,1,1
สี่กั๊กเสาชิงช้า,เฟื่องนคร,07:00-09:00,1,1,2
สี่กั๊กเสาชิงช้า,เฟื่องนคร,09:00-16:00,1,1,1
สี่กั๊กเสาชิงช้า,เฟื่องนคร,16:00-19:00,1,1,1
สุทธิสาร,รัชดาภิเษก,07:00-09:00,2,2,1
สุทธิสาร,รัชดาภิเษก,09:00-16:00,2,2,1
สุทธิสาร,รัชดาภิเษก,16:00-19:00,2,2,1
สุทธิสาร,สุทธิสารวินิจฉัย,07:00-09:00,2,1,1
สุทธิสาร,สุทธิสารวินิจฉัย,09:00-16:00,2,1,1
สุทธิสาร,สุทธิสารวินิจฉัย,16:00-19:00,2,1,1
สุวินทวงศ์ - ราษฎร์อุทิศ,ราษฎร์อุทิศ,07:00-09:00,1,1,1
สุวินทวงศ์ - ราษฎร์อุทิศ,สุวินทวงศ์,07:00-09:00,1,1,1
สุโขทัย,สุโขทัย,07:00-09:00,2,1,3
สุโขทัย,สุโขทัย,09:00-16:00,2,1,2
สุโขทัย,สุโขทัย,16:00-19:00,2,1,2
หทัยราษฎร์ - เลียบคลองสอง,หทัยราษฎร์,07:00-09:00,1,1,2
หทัยราษฎร์ - เลียบคลองสอง,หทัยราษฎร์,09:00-16:00,1,2,1
หทัยราษฎร์ - เลียบคลองสอง,หทัยราษฎร์,16:00-19:00,1,1,1
หทัยราษฎร์ - เลียบคลองสอง,เลียบคลองสอง,07:00-09:00,1,2,2
หทัยราษฎร์ - เลียบคลองสอง,เลียบคลองสอง,09:00-16:00,1,2,1
หทัยราษฎร์ - เลียบคลองสอง,เลียบคลองสอง,16:00-19:00,1,2,1
หมอมี,พระรามที่ 4,07:00-09:00,2,1,2
หมอมี,เจริญกรุง,07:00-09:00,2,1,2
หมอเหล็ง,จตุรทิศ,07:00-09:00,1,1,4
หมอเหล็ง,ราชปรารภ,07:00-09:00,1,1,4
หมอเหล็ง,ศรีอยุธยา,07:00-09:00,1,1,4
หมู่บ้านสหกรณ์,ทางเข้าหมู่บ้านสหกรณ์,07:00-09:00,1,1,1
หมู่บ้านสหกรณ์,เสรีไทย,07:00-09:00,1,1,2
หมู่บ้านเศรษฐกิจ,เพชรเกษม,07:00-09:00,2,1,3
หมู่บ้านเศรษฐกิจ,เพชรเกษม,09:00-16:00,2,1,1
หมู่บ้านเศรษฐกิจ,เพชรเกษม,16:00-19:00,2,1,1
หลักสี่,กำแพงเพชร 6,07:00-09:00,2,2,3
หลักสี่,แจ้งวัฒนะ,07:00-09:00,2,2,3
หลังสวน,สารสิน,07:00-09:00,2,1,3
หลังสวน,หลังสวน,07:00-09:00,2,1,3
หลานหลวง,จักรพรรดิพงษ์,09:00-16:00,1,1,1
หลานหลวง,หลานหลวง,09:00-16:00,1,1,1
หัวลำโพง,พระรามที่ 4,07:00-09:00,2,1,2
หัวลำโพง,มหาพฤฒาราม,07:00-09:00,1,1,2
ห้วยขวาง,ประชาราษฎร์บำเพ็ญ,07:00-09:00,2,1,5
ห้วยขวาง,ประชาราษฎร์บำเพ็ญ,09:00-16:00,2,1,1
ห้วยขวาง,ประชาราษฎร์บำเพ็ญ,16:00-19:00,2,1,1
ห้วยขวาง,ประชาสงเคราะห์,07:00-09:00,2,2,4
ห้วยขวาง,ประชาสงเคราะห์,09:00-16:00,2,2,1
ห้วยขวาง,ประชาสงเคราะห์,16:00-19:00,2,2,1
ห้วยขวาง,รัชดาภิเษก,07:00-09:00,2,2,5
ห้วยขวาง,รัชดาภิเษก,09:00-16:00,2,2,1
ห้วยขวาง,รัชดาภิเษก,16:00-19:00,2,2,1
อ.ส.ม.ท.,พระราม 9,07:00-09:00,2,1,2
อ.ส.ม.ท.,เพชรอุทัย,07:00-09:00,2,1,2
อนามัย,พลับพลาไชย,07:00-09:00,1,1,1
อังรีดูนังต์,สุรวงศ์,07:00-09:00,1,1,3
อังรีดูนังต์,สุรวงศ์,09:00-16:00,1,1,1
อังรีดูนังต์,สุรวงศ์,16:00-19:00,1,1,1
อังรีดูนังต์,อังรีดูนังต์,07:00-09:00,1,1,3
อังรีดูนังต์,อังรีดูนังต์,09:00-16:00,1,1,1
อังรีดูนังต์,อังรีดูนังต์,16:00-19:00,1,1,1
อุณากรรณ,อุณากรรณ,07:00-09:00,2,1,1
อุณากรรณ,เจริญกรุง,07:00-09:00,2,1,1
อุดมสุข,สุขุมวิท,07:00-09:00,2,1,2
อุรุพงษ์,พระรามที่ 6,07:00-09:00,1,1,3
อุรุพงษ์,เพชรบุรี,07:00-09:00,1,1,3
อโศกเพชร,อโศก,07:00-09:00,1,1,2
อโศกเพชร,อโศก,09:00-16:00,1,1,1
อโศกเพชร,อโศก,16:00-19:00,1,1,1
อโศกเพชร,เพชรบุรี,07:00-09:00,1,1,2
อโศกเพชร,เพชรบุรี,09:00-16:00,1,1,1
อโศกเพชร,เพชรบุรี,16:00-19:00,1,1,1
เกษตร,งามวงศ์วาน,07:00-09:00,1,1,2
เกษตร,พหลโยธิน,07:00-09:00,1,1,2
เกษมราษฎร์,พระรามที่ 4,07:00-09:00,2,1,4
เกษมราษฎร์,พระรามที่ 4,09:00-16:00,2,1,1
เกษมราษฎร์,พระรามที่ 4,16:00-19:00,2,1,1
เกษมราษฎร์,เกษมราษฎร์,07:00-09:00,1,1,4
เกษมราษฎร์,เกษมราษฎร์,09:00-16:00,2,1,1
เกษมราษฎร์,เกษมราษฎร์,16:00-19:00,1,1,1
เกษะโกมล,พระรามที่ 5,07:00-09:00,2,1,2
เกษะโกมล,พระรามที่ 5,09:00-16:00,2,1,1
เกษะโกมล,พระรามที่ 5,16:00-19:00,2,1,1
เกษะโกมล,อำนวยสงคราม,07:00-09:00,2,1,2
เกษะโกมล,อำนวยสงคราม,09:00-16:00,2,1,1
เกษะโกมล,อำนวยสงคราม,16:00-19:00,2,1,1
เกษะโกมล,เศรษฐศิริ,07:00-09:00,2,1,2
เกษะโกมล,เศรษฐศิริ,09:00-16:00,2,1,1
เกษะโกมล,เศรษฐศิริ,16:00-19:00,2,1,1
เกียกกาย,ทหาร,07:00-09:00,1,2,2
เกียกกาย,ประชาราษฎร์สาย 1,07:00-09:00,1,2,2
เกียกกาย,สามเสน,07:00-09:00,1,2,2
เจริญนครใต้,กรุงธนบุรี,07:00-09:00,2,1,1
เจริญนครใต้,เจริญนคร,07:00-09:00,2,1,1
เจริญผล,บรรทัดทอง,07:00-09:00,1,2,1
เจริญผล,พระรามที่ 1,07:00-09:00,1,2,1
เจริญราษฎร์,เจริญราษฎร์,07:00-09:00,2,1,4
เจริญราษฎร์,เจริญราษฎร์,09:00-16:00,2,1,1
เจริญราษฎร์,เจริญราษฎร์,16:00-19:00,2,1,1
เจ้าคุณทหาร - ฉลองกรุง,ฉลองกรุง,07:00-09:00,1,1,2
เจ้าคุณทหาร - ฉลองกรุง,ฉลองกรุง,09:00-16:00,1,1,1
เจ้าคุณทหาร - ฉลองกรุง,ฉลองกรุง,16:00-19:00,1,1,1
เจ้าคุณทหาร - ฉลองกรุง,เจ้าคุณทหาร,07:00-09:00,1,1,2
เจ้าคุณทหาร - ฉลองกรุง,เจ้าคุณทหาร,09:00-16:00,1,1,1
เจ้าคุณทหาร - ฉลองกรุง,เจ้าคุณทหาร,16:00-19:00,1,1,1
เฉลิมกรุง,ตรีเพชร,07:00-09:00,1,1,2
เฉลิมกรุง,เจริญกรุง,07:00-09:00,1,1,3
เฉลิมกรุง,เจริญกรุง,09:00-16:00,1,1,1
เฉลิมกรุง,เจริญกรุง,16:00-19:00,1,1,1
เฉลิมเผ่า,พระรามที่ 1,07:00-09:00,1,1,1
เฉลิมเผ่า,อังรีดูนังต์,07:00-09:00,1,1,2
เฉลิมเผ่า,อังรีดูนังต์,09:00-16:00,2,1,1
เฉลิมเผ่า,อังรีดูนังต์,16:00-19:00,1,1,1
เดโช,สีลม,07:00-09:00,1,2,1
เดโช,สีลม,09:00-16:00,1,2,1
เดโช,สีลม,16:00-19:00,1,2,1
เดโช,เดโช,07:00-09:00,1,2,1
เดโช,เดโช,09:00-16:00,1,2,1
เดโช,เดโช,16:00-19:00,1,2,1
เตาปูน,ประชาราษฎร์,07:00-09:00,2,1,2
เตาปูน,ประชาราษฎร์สาย 2,07:00-09:00,2,2,2
เทวกรรม,กรุงเกษม,07:00-09:00,2,1,1
เทวกรรม,นครสวรรค์,07:00-09:00,2,1,1
เทอดดำริ,ประดิพัทธ์,07:00-09:00,1,1,2
เทอดดำริ,ประดิพัทธ์,09:00-16:00,1,1,1
เทอดดำริ,ประดิพัทธ์,16:00-19:00,1,1,1
เทอดดำริ,เทอดดำริ,07:00-09:00,1,1,2
เทอดดำริ,เทอดดำริ,09:00-16:00,1,1,1
เทอดดำริ,เทอดดำริ,16:00-19:00,1,1,1
เทียมร่วมมิตร,รัชดาภิเษก,07:00-09:00,2,1,1
เทียมร่วมมิตร,เทียมร่วมมิตร,07:00-09:00,2,1,2
เทียมร่วมมิตร,เทียมร่วมมิตร,09:00-16:00,2,1,1
เทียมร่วมมิตร,เทียมร่วมมิตร,16:00-19:00,2,1,1
เทเวศร์,กรุงเกษม,07:00-09:00,1,1,2
เทเวศร์,กรุงเกษม,09:00-16:00,1,1,1
เทเวศร์,กรุงเกษม,16:00-19:00,1,1,1
เทเวศร์,สามเสน,07:00-09:00,1,1,2
เทเวศร์,สามเสน,09:00-16:00,1,1,1
เทเวศร์,สามเสน,16:00-19:00,1,1,1
เพชรพระราม,บรรทัดทอง,09:00-16:00,1,1,1
เพชรพระราม,เพชรบุรี,09:00-16:00,1,1,1
เพชรเกษม - ราชพฤกษ์,ราชพฤกษ์,07:00-09:00,1,1,1
เพชรเกษม - ราชพฤกษ์,เพชรเกษม,07:00-09:00,1,1,1
เพชรเกษม 69,เพชรเกษม,07:00-09:00,1,2,3
เพชรเกษม 69,เพชรเกษม,09:00-16:00,1,2,1
เพชรเกษม 69,เพชรเกษม,16:00-19:00,1,2,1
เพชรเกษม 81,เพชรเกษม,09:00-16:00,1,1,1
เพลินจิต,วิทยุ,07:00-09:00,2,1,3
เพลินจิต,เพลินจิต,07:00-09:00,2,1,3
เศรษฐศิริ,เทอดดำริ,07:00-09:00,1,1,1
เศรษฐศิริ,เศรษฐศิริ,07:00-09:00,1,2,1
เสาวณี,ศรีอยุธยา,07:00-09:00,1,1,1
เสาวณี,สวรรคโลก,07:00-09:00,1,1,1
เสือป่า,ราชวงศ์,07:00-09:00,1,1,1
เสือป่า,เจริญกรุง,07:00-09:00,1,1,1
เสือป่า,เสือป่า,07:00-09:00,1,1,2
เสือป่า,เสือป่า,09:00-16:00,1,1,1
เสือป่า,เสือป่า,16:00-19:00,1,1,1
เอส เอ บี,เจริญกรุง,07:00-09:00,1,1,2
แบริ่ง,สุขุมวิท,07:00-09:00,1,1,1
แปลงนาม,พลับพลาไชย,07:00-09:00,2,1,2
แปลงนาม,เจริญกรุง,07:00-09:00,2,1,2
แปลงนาม,แปลงนาม,07:00-09:00,2,1,3
แปลงนาม,แปลงนาม,09:00-16:00,2,1,1
แปลงนาม,แปลงนาม,16:00-19:00,2,1,1
โพธิ์สามต้น,วังเดิม,07:00-09:00,1,2,2
โพธิ์สามต้น,อิสรภาพ,07:00-09:00,1,2,2
โพธิ์แก้ว,ทางเข้าวัดบางเตย,07:00-09:00,2,1,2
โพธิ์แก้ว,ทางเข้าวัดบางเตย,09:00-16:00,2,1,1
โพธิ์แก้ว,ทางเข้าวัดบางเตย,16:00-19:00,2,1,1
โพธิ์แก้ว,นวมินทร์,07:00-09:00,2,1,2
โพธิ์แก้ว,นวมินทร์,09:00-16:00,2,1,1
โพธิ์แก้ว,นวมินทร์,16:00-19:00,2,1,1
โพธิ์แก้ว,โพธิ์แก้ว,07:00-09:00,2,1,2
โพธิ์แก้ว,โพธิ์แก้ว,09:00-16:00,2,1,1
โพธิ์แก้ว,โพธิ์แก้ว,16:00-19:00,2,1,1
โรงพยาบาลกลาง,หลวง,07:00-09:00,2,1,1
โรงพยาบาลกลาง,เสือป่า,07:00-09:00,2,1,1
ใต้ด่วนพระราม 4,ทางด่วน,07:00-09:00,1,1,1
ใต้ด่วนพระราม 4,ทางด่วน,09:00-16:00,1,1,1
ใต้ด่วนพระราม 4,ทางด่วน,16:00-19:00,1,1,1
ใต้ด่วนพระราม 4,พระรามที่ 4,07:00-09:00,1,1,3
ใต้ด่วนพระราม 4,พระรามที่ 4,09:00-16:00,1,1,1
ใต้ด่วนพระราม 4,พระรามที่ 4,16:00-19:00,1,1,1
ใต้ด่วนพระราม 4,เชื้อเพลิง,07:00-09:00,1,1,3
ใต้ด่วนพระราม 4,เชื้อเพลิง,09:00-16:00,1,1,1
ใต้ด่วนพระราม 4,เชื้อเพลิง,16:00-19:00,1,1,1
ไฟฉาย,จรัญสนิทวงศ์,07:00-09:00,1,2,3
ไฟฉาย,จรัญสนิทวงศ์,09:00-16:00,1,2,1
ไฟฉาย,จรัญสนิทวงศ์,16:00-19:00,1,2,1
ไฟฉาย,พรานนก,07:00-09:00,1,2,3
ไฟฉาย,พรานนก,09:00-16:00,1,2,1
ไฟฉาย,พรานนก,16:00-19:00,1,2,1
